status	locus	gene	locus_disease	locus_disease_ids	source	submitter	classification	moi	disease_id	disease_name	original_disease_id	original_disease_name	date	group
match	ADTKD_MUC1	MUC1	Autosomal dominant tubulointerstitial kidney disease	MONDO:0020726;OMIM:174000;Orphanet:88949	GenCC	Ambry Genetics	Moderate	Autosomal dominant	MONDO:0020726	tubulointerstitial kidney disease, autosomal dominant, 2	OMIM:174000	TUBULOINTERSTITIAL KIDNEY DISEASE, AUTOSOMAL DOMINANT 2; ADTKD2	2018-02-20	Ambry
match	ADTKD_MUC1	MUC1	Autosomal dominant tubulointerstitial kidney disease	MONDO:0020726;OMIM:174000;Orphanet:88949	GenCC	ClinGen	Definitive	Autosomal dominant	MONDO:0020726	tubulointerstitial kidney disease, autosomal dominant, 2	MONDO:0020726	tubulointerstitial kidney disease, autosomal dominant, 2	2021-01-13	ClinGen
match	ADTKD_MUC1	MUC1	Autosomal dominant tubulointerstitial kidney disease	MONDO:0020726;OMIM:174000;Orphanet:88949	GenCC	Labcorp Genetics (formerly Invitae)	Limited	Unknown	MONDO:0020726	tubulointerstitial kidney disease, autosomal dominant, 2	OMIM:174000	TUBULOINTERSTITIAL KIDNEY DISEASE, AUTOSOMAL DOMINANT 2; ADTKD2	2022-12-09	Labcorp
match	ADTKD_MUC1	MUC1	Autosomal dominant tubulointerstitial kidney disease	MONDO:0020726;OMIM:174000;Orphanet:88949	GenCC	Orphanet	Supportive	Autosomal dominant	MONDO:0020726	tubulointerstitial kidney disease, autosomal dominant, 2	Orphanet:88949	MUC1-related autosomal dominant tubulointerstitial kidney disease	2021-09-14	Orphanet
match	ADTKD_MUC1	MUC1	Autosomal dominant tubulointerstitial kidney disease	MONDO:0020726;OMIM:174000;Orphanet:88949	GenCC	PanelApp Australia	Strong	Autosomal dominant	MONDO:0020726	tubulointerstitial kidney disease, autosomal dominant, 2	OMIM:174000	TUBULOINTERSTITIAL KIDNEY DISEASE, AUTOSOMAL DOMINANT 2; ADTKD2	2025-01-17	PanelApp
disease_mismatch	ALS1_NIPA1	NIPA1	Amyotrophic lateral sclerosis	MONDO:0007103;OMIM:105400;Orphanet:282;Orphanet:803	GenCC	Ambry Genetics	Moderate	Autosomal dominant	MONDO:0010878	hereditary spastic paraplegia 6	OMIM:600363	SPASTIC PARAPLEGIA 6, AUTOSOMAL DOMINANT; SPG6	2018-02-26	Ambry
disease_mismatch	ALS1_NIPA1	NIPA1	Amyotrophic lateral sclerosis	MONDO:0007103;OMIM:105400;Orphanet:282;Orphanet:803	GenCC	Labcorp Genetics (formerly Invitae)	Strong	Autosomal dominant	MONDO:0010878	hereditary spastic paraplegia 6	OMIM:600363	SPASTIC PARAPLEGIA 6, AUTOSOMAL DOMINANT; SPG6	2023-01-12	Labcorp
disease_mismatch	ALS1_NIPA1	NIPA1	Amyotrophic lateral sclerosis	MONDO:0007103;OMIM:105400;Orphanet:282;Orphanet:803	GenCC	Orphanet	Supportive	Autosomal dominant	MONDO:0010878	hereditary spastic paraplegia 6	Orphanet:100988	Autosomal dominant spastic paraplegia type 6	2021-09-14	Orphanet
disease_mismatch	ALS1_NIPA1	NIPA1	Amyotrophic lateral sclerosis	MONDO:0007103;OMIM:105400;Orphanet:282;Orphanet:803	GenCC	PanelApp Australia	Strong	Autosomal dominant	MONDO:0010878	hereditary spastic paraplegia 6	MONDO:0010878	hereditary spastic paraplegia 6	2025-01-17	PanelApp
match	BPES_FOXL2	FOXL2	Blepharophimosis, epicanthus inversus, and ptosis	MONDO:0007201;OMIM:110100;Orphanet:126	GenCC	Ambry Genetics	Definitive	Autosomal dominant	MONDO:0007201	blepharophimosis, ptosis, and epicanthus inversus syndrome	OMIM:110100	BLEPHAROPHIMOSIS, PTOSIS, AND EPICANTHUS INVERSUS; BPES	2018-07-31	Ambry
match	BPES_FOXL2	FOXL2	Blepharophimosis, epicanthus inversus, and ptosis	MONDO:0007201;OMIM:110100;Orphanet:126	GenCC	Labcorp Genetics (formerly Invitae)	Strong	Autosomal dominant	MONDO:0007201	blepharophimosis, ptosis, and epicanthus inversus syndrome	OMIM:110100	BLEPHAROPHIMOSIS, PTOSIS, AND EPICANTHUS INVERSUS; BPES	2023-02-22	Labcorp
disease_mismatch	BPES_FOXL2	FOXL2	Blepharophimosis, epicanthus inversus, and ptosis	MONDO:0007201;OMIM:110100;Orphanet:126	GenCC	Labcorp Genetics (formerly Invitae)	Limited	Unknown	MONDO:0012169	premature ovarian failure 3	OMIM:608996	PREMATURE OVARIAN FAILURE 3; POF3	2020-04-09	Labcorp
match	BPES_FOXL2	FOXL2	Blepharophimosis, epicanthus inversus, and ptosis	MONDO:0007201;OMIM:110100;Orphanet:126	GenCC	G2P	Definitive	Autosomal dominant	MONDO:0007201	blepharophimosis, ptosis, and epicanthus inversus syndrome	OMIM:110100	BLEPHAROPHIMOSIS, PTOSIS, AND EPICANTHUS INVERSUS; BPES	2017-08-27	G2P
match	BPES_FOXL2	FOXL2	Blepharophimosis, epicanthus inversus, and ptosis	MONDO:0007201;OMIM:110100;Orphanet:126	GenCC	PanelApp Australia	Strong	Autosomal dominant	MONDO:0007201	blepharophimosis, ptosis, and epicanthus inversus syndrome	OMIM:110100	BLEPHAROPHIMOSIS, PTOSIS, AND EPICANTHUS INVERSUS; BPES	2025-01-17	PanelApp
match	CANVAS_RFC1	RFC1	Cerebellar ataxia, neuropathy, and vestibular areflexia syndrome	MONDO:0044720;OMIM:614575;Orphanet:504476	GenCC	Ambry Genetics	Moderate	Autosomal recessive	MONDO:0013809	cerebellar ataxia, neuropathy, and vestibular areflexia syndrome	OMIM:614575	CEREBELLAR ATAXIA, NEUROPATHY, AND VESTIBULAR AREFLEXIA SYNDROME; CANVAS	2020-02-13	Ambry
match	CANVAS_RFC1	RFC1	Cerebellar ataxia, neuropathy, and vestibular areflexia syndrome	MONDO:0044720;OMIM:614575;Orphanet:504476	GenCC	ClinGen	Definitive	Autosomal recessive	MONDO:0044720	cerebellar ataxia with neuropathy and bilateral vestibular areflexia syndrome	MONDO:0044720	cerebellar ataxia with neuropathy and bilateral vestibular areflexia syndrome	2024-10-09	ClinGen
match	CANVAS_RFC1	RFC1	Cerebellar ataxia, neuropathy, and vestibular areflexia syndrome	MONDO:0044720;OMIM:614575;Orphanet:504476	GenCC	Labcorp Genetics (formerly Invitae)	Strong	Autosomal recessive	MONDO:0044720	cerebellar ataxia with neuropathy and bilateral vestibular areflexia syndrome	OMIM:614575	CEREBELLAR ATAXIA, NEUROPATHY, AND VESTIBULAR AREFLEXIA SYNDROME; CANVAS	2021-05-11	Labcorp
match	CANVAS_RFC1	RFC1	Cerebellar ataxia, neuropathy, and vestibular areflexia syndrome	MONDO:0044720;OMIM:614575;Orphanet:504476	GenCC	Orphanet	Supportive	Autosomal recessive	MONDO:0044720	cerebellar ataxia with neuropathy and bilateral vestibular areflexia syndrome	Orphanet:504476	Cerebellar ataxia with neuropathy and bilateral vestibular areflexia syndrome	2021-09-14	Orphanet
match	CANVAS_RFC1	RFC1	Cerebellar ataxia, neuropathy, and vestibular areflexia syndrome	MONDO:0044720;OMIM:614575;Orphanet:504476	GenCC	PanelApp Australia	Strong	Autosomal recessive	MONDO:0044720	cerebellar ataxia with neuropathy and bilateral vestibular areflexia syndrome	OMIM:614575	CEREBELLAR ATAXIA, NEUROPATHY, AND VESTIBULAR AREFLEXIA SYNDROME; CANVAS	2025-01-17	PanelApp
disease_mismatch	CCD_RUNX2	RUNX2	Cleidocranial dysplasia	MONDO:0007340;OMIM:119600;Orphanet:1452	GenCC	Ambry Genetics	Moderate	Autosomal dominant	MONDO:0007984	metaphyseal dysplasia-maxillary hypoplasia-brachydacty syndrome	OMIM:156510	METAPHYSEAL DYSPLASIA WITH MAXILLARY HYPOPLASIA WITH OR WITHOUT BRACHYDACTYLY; MDMHB	2018-09-21	Ambry
match	CCD_RUNX2	RUNX2	Cleidocranial dysplasia	MONDO:0007340;OMIM:119600;Orphanet:1452	GenCC	Ambry Genetics	Definitive	Autosomal dominant	MONDO:0007340	cleidocranial dysplasia 1	OMIM:119600	CLEIDOCRANIAL DYSPLASIA 1; CLCD1	2018-08-13	Ambry
match	CCD_RUNX2	RUNX2	Cleidocranial dysplasia	MONDO:0007340;OMIM:119600;Orphanet:1452	GenCC	Labcorp Genetics (formerly Invitae)	Strong	Autosomal dominant	MONDO:0007340	cleidocranial dysplasia 1	OMIM:119600	CLEIDOCRANIAL DYSPLASIA 1; CLCD1	2023-07-06	Labcorp
disease_mismatch	CCD_RUNX2	RUNX2	Cleidocranial dysplasia	MONDO:0007340;OMIM:119600;Orphanet:1452	GenCC	Labcorp Genetics (formerly Invitae)	Strong	Autosomal dominant	MONDO:0007984	metaphyseal dysplasia-maxillary hypoplasia-brachydacty syndrome	OMIM:156510	METAPHYSEAL DYSPLASIA WITH MAXILLARY HYPOPLASIA WITH OR WITHOUT BRACHYDACTYLY; MDMHB	2019-09-09	Labcorp
match	CCD_RUNX2	RUNX2	Cleidocranial dysplasia	MONDO:0007340;OMIM:119600;Orphanet:1452	GenCC	Orphanet	Supportive	Autosomal dominant	MONDO:0007340	cleidocranial dysplasia 1	Orphanet:1452	Cleidocranial dysplasia	2021-09-14	Orphanet
disease_mismatch	CCD_RUNX2	RUNX2	Cleidocranial dysplasia	MONDO:0007340;OMIM:119600;Orphanet:1452	GenCC	Orphanet	Supportive	Autosomal dominant	MONDO:0007984	metaphyseal dysplasia-maxillary hypoplasia-brachydacty syndrome	Orphanet:2504	Metaphyseal dysplasia-maxillary hypoplasia-brachydacty syndrome	2021-09-14	Orphanet
match	CCD_RUNX2	RUNX2	Cleidocranial dysplasia	MONDO:0007340;OMIM:119600;Orphanet:1452	GenCC	PanelApp Australia	Strong	Autosomal dominant	MONDO:0007340	cleidocranial dysplasia 1	OMIM:119600	CLEIDOCRANIAL DYSPLASIA 1; CLCD1	2025-01-17	PanelApp
match	CCD_RUNX2	RUNX2	Cleidocranial dysplasia	MONDO:0007340;OMIM:119600;Orphanet:1452	GenCC	G2P	Definitive	Autosomal dominant	MONDO:0007340	cleidocranial dysplasia 1	OMIM:119600	CLEIDOCRANIAL DYSPLASIA 1; CLCD1	2023-05-24	G2P
match	CCHS_PHOX2B	PHOX2B	Congenital central hypoventilation syndrome	MONDO:0800026;OMIM:209880;Orphanet:661	GenCC	Ambry Genetics	Definitive	Autosomal dominant	MONDO:0800026	central hypoventilation syndrome, congenital, 1, with or without Hirschsprung disease	OMIM:209880	CENTRAL HYPOVENTILATION SYNDROME, CONGENITAL, 1; CCHS1	2023-01-10	Ambry
disease_mismatch	CCHS_PHOX2B	PHOX2B	Congenital central hypoventilation syndrome	MONDO:0800026;OMIM:209880;Orphanet:661	GenCC	Ambry Genetics	Strong	Autosomal dominant	MONDO:0700041	neuroblastoma, susceptibility to, 2	OMIM:613013	NEUROBLASTOMA, SUSCEPTIBILITY TO, 2; NBLST2	2023-01-10	Ambry
match	CCHS_PHOX2B	PHOX2B	Congenital central hypoventilation syndrome	MONDO:0800026;OMIM:209880;Orphanet:661	GenCC	ClinGen	Definitive	Autosomal dominant	MONDO:0800026	central hypoventilation syndrome, congenital, 1, with or without Hirschsprung disease	MONDO:0800026	central hypoventilation syndrome, congenital, 1, with or without Hirschsprung disease	2022-12-30	ClinGen
disease_mismatch	CCHS_PHOX2B	PHOX2B	Congenital central hypoventilation syndrome	MONDO:0800026;OMIM:209880;Orphanet:661	GenCC	ClinGen	Definitive	Autosomal dominant	MONDO:0020493	Haddad syndrome	MONDO:0020493	Haddad syndrome	2021-06-15	ClinGen
match	CCHS_PHOX2B	PHOX2B	Congenital central hypoventilation syndrome	MONDO:0800026;OMIM:209880;Orphanet:661	GenCC	Labcorp Genetics (formerly Invitae)	Strong	Autosomal dominant	MONDO:0800026	central hypoventilation syndrome, congenital, 1, with or without Hirschsprung disease	OMIM:209880	CENTRAL HYPOVENTILATION SYNDROME, CONGENITAL, 1; CCHS1	2022-10-11	Labcorp
match	CCHS_PHOX2B	PHOX2B	Congenital central hypoventilation syndrome	MONDO:0800026;OMIM:209880;Orphanet:661	GenCC	Orphanet	Supportive	Autosomal dominant	MONDO:0008852	congenital central hypoventilation syndrome	Orphanet:661	Congenital central hypoventilation syndrome	2021-09-14	Orphanet
disease_mismatch	CCHS_PHOX2B	PHOX2B	Congenital central hypoventilation syndrome	MONDO:0800026;OMIM:209880;Orphanet:661	GenCC	Orphanet	Supportive	Autosomal dominant	MONDO:0020493	Haddad syndrome	Orphanet:99803	Haddad syndrome	2021-09-14	Orphanet
match	CCHS_PHOX2B	PHOX2B	Congenital central hypoventilation syndrome	MONDO:0800026;OMIM:209880;Orphanet:661	GenCC	G2P	Definitive	Autosomal dominant	MONDO:0800026	central hypoventilation syndrome, congenital, 1, with or without Hirschsprung disease	OMIM:209880	CENTRAL HYPOVENTILATION SYNDROME, CONGENITAL, 1; CCHS1	2015-07-22	G2P
disease_mismatch	CCHS_PHOX2B	PHOX2B	Congenital central hypoventilation syndrome	MONDO:0800026;OMIM:209880;Orphanet:661	GenCC	G2P	Definitive	Autosomal dominant	MONDO:0700041	neuroblastoma, susceptibility to, 2	OMIM:613013	NEUROBLASTOMA, SUSCEPTIBILITY TO, 2; NBLST2	2016-11-29	G2P
match	CCHS_PHOX2B	PHOX2B	Congenital central hypoventilation syndrome	MONDO:0800026;OMIM:209880;Orphanet:661	GenCC	PanelApp Australia	Strong	Autosomal dominant	MONDO:0800026	central hypoventilation syndrome, congenital, 1, with or without Hirschsprung disease	MONDO:0800026	central hypoventilation syndrome, congenital, 1, with or without Hirschsprung disease	2025-01-17	PanelApp
match	CJD_PRNP	PRNP	Creutzfeldt-Jakob disease and Gerstmann-Straussler-Scheinker syndrome	MONDO:0007403;MONDO:0007656;OMIM:123400;OMIM:137440;Orphanet:282166	GenCC	Ambry Genetics	Definitive	Autosomal dominant	MONDO:0007656	Gerstmann-Straussler-Scheinker syndrome	OMIM:137440	GERSTMANN-STRAUSSLER DISEASE; GSD	2018-03-22	Ambry
match	CJD_PRNP	PRNP	Creutzfeldt-Jakob disease and Gerstmann-Straussler-Scheinker syndrome	MONDO:0007403;MONDO:0007656;OMIM:123400;OMIM:137440;Orphanet:282166	GenCC	Genomics England PanelApp	Strong	Autosomal dominant	MONDO:0007656	Gerstmann-Straussler-Scheinker syndrome	OMIM:137440	GERSTMANN-STRAUSSLER DISEASE; GSD	2021-02-18	PanelApp
disease_mismatch	CJD_PRNP	PRNP	Creutzfeldt-Jakob disease and Gerstmann-Straussler-Scheinker syndrome	MONDO:0007403;MONDO:0007656;OMIM:123400;OMIM:137440;Orphanet:282166	GenCC	Genomics England PanelApp	Strong	Autosomal dominant	MONDO:0011299	Huntington disease-like 1	OMIM:603218	HUNTINGTON DISEASE-LIKE 1; HDL1	2021-02-18	PanelApp
match	CJD_PRNP	PRNP	Creutzfeldt-Jakob disease and Gerstmann-Straussler-Scheinker syndrome	MONDO:0007403;MONDO:0007656;OMIM:123400;OMIM:137440;Orphanet:282166	GenCC	Genomics England PanelApp	Strong	Autosomal dominant	MONDO:0007403	inherited Creutzfeldt-Jakob disease	OMIM:123400	CREUTZFELDT-JAKOB DISEASE; CJD	2021-02-18	PanelApp
match	CJD_PRNP	PRNP	Creutzfeldt-Jakob disease and Gerstmann-Straussler-Scheinker syndrome	MONDO:0007403;MONDO:0007656;OMIM:123400;OMIM:137440;Orphanet:282166	GenCC	Labcorp Genetics (formerly Invitae)	Strong	Autosomal dominant	MONDO:0007403	inherited Creutzfeldt-Jakob disease	OMIM:123400	CREUTZFELDT-JAKOB DISEASE; CJD	2023-01-23	Labcorp
match	CJD_PRNP	PRNP	Creutzfeldt-Jakob disease and Gerstmann-Straussler-Scheinker syndrome	MONDO:0007403;MONDO:0007656;OMIM:123400;OMIM:137440;Orphanet:282166	GenCC	Orphanet	Supportive	Autosomal dominant	MONDO:0007656	Gerstmann-Straussler-Scheinker syndrome	Orphanet:356	Gerstmann-Straussler-Scheinker syndrome	2021-09-14	Orphanet
disease_mismatch	CJD_PRNP	PRNP	Creutzfeldt-Jakob disease and Gerstmann-Straussler-Scheinker syndrome	MONDO:0007403;MONDO:0007656;OMIM:123400;OMIM:137440;Orphanet:282166	GenCC	Orphanet	Supportive	Autosomal dominant	MONDO:0010808	fatal familial insomnia	Orphanet:466	Fatal familial insomnia	2021-09-14	Orphanet
disease_mismatch	CJD_PRNP	PRNP	Creutzfeldt-Jakob disease and Gerstmann-Straussler-Scheinker syndrome	MONDO:0007403;MONDO:0007656;OMIM:123400;OMIM:137440;Orphanet:282166	GenCC	Orphanet	Supportive	Autosomal dominant	MONDO:0011299	Huntington disease-like 1	Orphanet:157941	Huntington disease-like 1	2021-09-14	Orphanet
disease_mismatch	CJD_PRNP	PRNP	Creutzfeldt-Jakob disease and Gerstmann-Straussler-Scheinker syndrome	MONDO:0007403;MONDO:0007656;OMIM:123400;OMIM:137440;Orphanet:282166	GenCC	Orphanet	Supportive	Autosomal dominant	MONDO:0017233	familial Alzheimer-like prion disease	Orphanet:280397	Familial Alzheimer-like prion disease	2021-09-14	Orphanet
match	CJD_PRNP	PRNP	Creutzfeldt-Jakob disease and Gerstmann-Straussler-Scheinker syndrome	MONDO:0007403;MONDO:0007656;OMIM:123400;OMIM:137440;Orphanet:282166	GenCC	Orphanet	Supportive	Autosomal dominant	MONDO:0007403	inherited Creutzfeldt-Jakob disease	Orphanet:282166	Inherited Creutzfeldt-Jakob disease	2021-09-14	Orphanet
disease_mismatch	CJD_PRNP	PRNP	Creutzfeldt-Jakob disease and Gerstmann-Straussler-Scheinker syndrome	MONDO:0007403;MONDO:0007656;OMIM:123400;OMIM:137440;Orphanet:282166	GenCC	Orphanet	Supportive	Autosomal dominant	MONDO:0018339	PrP systemic amyloidosis	Orphanet:397606	PrP systemic amyloidosis	2021-09-14	Orphanet
disease_mismatch	CPEO_POLG	POLG	Progressive external ophthalmoplegia, Parkinson's disease	MONDO:0008003;MONDO:0009783;MONDO:0016810;MONDO:0024528;OMIM:157640;OMIM:258450;Orphanet:520820	GenCC	Ambry Genetics	Definitive	Autosomal recessive	MONDO:0008758	mitochondrial DNA depletion syndrome 4a	OMIM:203700	MITOCHONDRIAL DNA DEPLETION SYNDROME 4A (ALPERS TYPE); MTDPS4A	2017-08-14	Ambry
disease_mismatch	CPEO_POLG	POLG	Progressive external ophthalmoplegia, Parkinson's disease	MONDO:0008003;MONDO:0009783;MONDO:0016810;MONDO:0024528;OMIM:157640;OMIM:258450;Orphanet:520820	GenCC	Ambry Genetics	Definitive	Autosomal recessive	MONDO:0011835	sensory ataxic neuropathy, dysarthria, and ophthalmoparesis	OMIM:607459	SENSORY ATAXIC NEUROPATHY, DYSARTHRIA, AND OPHTHALMOPARESIS; SANDO	2018-02-27	Ambry
match	CPEO_POLG	POLG	Progressive external ophthalmoplegia, Parkinson's disease	MONDO:0008003;MONDO:0009783;MONDO:0016810;MONDO:0024528;OMIM:157640;OMIM:258450;Orphanet:520820	GenCC	Ambry Genetics	Definitive	Autosomal dominant	MONDO:0024528	progressive external ophthalmoplegia with mitochondrial DNA deletions, autosomal dominant 1	OMIM:157640	PROGRESSIVE EXTERNAL OPHTHALMOPLEGIA WITH MITOCHONDRIAL DNA DELETIONS, AUTOSOMAL DOMINANT 1; PEOA1	2018-02-27	Ambry
disease_mismatch	CPEO_POLG	POLG	Progressive external ophthalmoplegia, Parkinson's disease	MONDO:0008003;MONDO:0009783;MONDO:0016810;MONDO:0024528;OMIM:157640;OMIM:258450;Orphanet:520820	GenCC	ClinGen	Limited	Autosomal recessive	MONDO:0009723	Leigh syndrome	MONDO:0009723	Leigh syndrome	2021-06-30	ClinGen
match	CPEO_POLG	POLG	Progressive external ophthalmoplegia, Parkinson's disease	MONDO:0008003;MONDO:0009783;MONDO:0016810;MONDO:0024528;OMIM:157640;OMIM:258450;Orphanet:520820	GenCC	Labcorp Genetics (formerly Invitae)	Strong	Autosomal dominant	MONDO:0024528	progressive external ophthalmoplegia with mitochondrial DNA deletions, autosomal dominant 1	OMIM:157640	PROGRESSIVE EXTERNAL OPHTHALMOPLEGIA WITH MITOCHONDRIAL DNA DELETIONS, AUTOSOMAL DOMINANT 1; PEOA1	2021-04-16	Labcorp
disease_mismatch	CPEO_POLG	POLG	Progressive external ophthalmoplegia, Parkinson's disease	MONDO:0008003;MONDO:0009783;MONDO:0016810;MONDO:0024528;OMIM:157640;OMIM:258450;Orphanet:520820	GenCC	Labcorp Genetics (formerly Invitae)	Strong	Autosomal recessive	MONDO:0008758	mitochondrial DNA depletion syndrome 4a	OMIM:203700	MITOCHONDRIAL DNA DEPLETION SYNDROME 4A (ALPERS TYPE); MTDPS4A	2021-10-20	Labcorp
disease_mismatch	CPEO_POLG	POLG	Progressive external ophthalmoplegia, Parkinson's disease	MONDO:0008003;MONDO:0009783;MONDO:0016810;MONDO:0024528;OMIM:157640;OMIM:258450;Orphanet:520820	GenCC	Laboratory for Molecular Medicine	Strong	Autosomal recessive	MONDO:0008758	mitochondrial DNA depletion syndrome 4a	OMIM:203700	MITOCHONDRIAL DNA DEPLETION SYNDROME 4A (ALPERS TYPE); MTDPS4A	2020-06-04	Lab MM
disease_mismatch	CPEO_POLG	POLG	Progressive external ophthalmoplegia, Parkinson's disease	MONDO:0008003;MONDO:0009783;MONDO:0016810;MONDO:0024528;OMIM:157640;OMIM:258450;Orphanet:520820	GenCC	Orphanet	Supportive	Autosomal recessive	MONDO:0008758	mitochondrial DNA depletion syndrome 4a	Orphanet:726	Alpers-Huttenlocher syndrome	2021-09-14	Orphanet
disease_mismatch	CPEO_POLG	POLG	Progressive external ophthalmoplegia, Parkinson's disease	MONDO:0008003;MONDO:0009783;MONDO:0016810;MONDO:0024528;OMIM:157640;OMIM:258450;Orphanet:520820	GenCC	Orphanet	Supportive	Autosomal recessive	MONDO:0017575	mitochondrial neurogastrointestinal encephalomyopathy	Orphanet:298	Mitochondrial neurogastrointestinal encephalomyopathy	2021-09-14	Orphanet
disease_mismatch	CPEO_POLG	POLG	Progressive external ophthalmoplegia, Parkinson's disease	MONDO:0008003;MONDO:0009783;MONDO:0016810;MONDO:0024528;OMIM:157640;OMIM:258450;Orphanet:520820	GenCC	Orphanet	Supportive	Autosomal recessive	MONDO:0011835	sensory ataxic neuropathy, dysarthria, and ophthalmoparesis	Orphanet:70595	Sensory ataxic neuropathy-dysarthria-ophthalmoparesis syndrome	2021-09-14	Orphanet
disease_mismatch	CPEO_POLG	POLG	Progressive external ophthalmoplegia, Parkinson's disease	MONDO:0008003;MONDO:0009783;MONDO:0016810;MONDO:0024528;OMIM:157640;OMIM:258450;Orphanet:520820	GenCC	Orphanet	Supportive	Autosomal recessive	MONDO:0019791	recessive mitochondrial ataxia syndrome	Orphanet:94125	Recessive mitochondrial ataxia syndrome	2021-09-14	Orphanet
disease_mismatch	CPEO_POLG	POLG	Progressive external ophthalmoplegia, Parkinson's disease	MONDO:0008003;MONDO:0009783;MONDO:0016810;MONDO:0024528;OMIM:157640;OMIM:258450;Orphanet:520820	GenCC	Orphanet	Supportive	Autosomal recessive	MONDO:0016809	spinocerebellar ataxia with epilepsy	Orphanet:254881	Spinocerebellar ataxia with epilepsy	2021-09-14	Orphanet
match	CPEO_POLG	POLG	Progressive external ophthalmoplegia, Parkinson's disease	MONDO:0008003;MONDO:0009783;MONDO:0016810;MONDO:0024528;OMIM:157640;OMIM:258450;Orphanet:520820	GenCC	Orphanet	Supportive	Autosomal recessive	MONDO:0016810	autosomal recessive progressive external ophthalmoplegia	Orphanet:254886	Autosomal recessive progressive external ophthalmoplegia	2021-09-14	Orphanet
match	CPEO_POLG	POLG	Progressive external ophthalmoplegia, Parkinson's disease	MONDO:0008003;MONDO:0009783;MONDO:0016810;MONDO:0024528;OMIM:157640;OMIM:258450;Orphanet:520820	GenCC	Orphanet	Supportive	Autosomal dominant	MONDO:0008003	autosomal dominant progressive external ophthalmoplegia	Orphanet:254892	Autosomal dominant progressive external ophthalmoplegia	2021-09-14	Orphanet
disease_mismatch	CPEO_POLG	POLG	Progressive external ophthalmoplegia, Parkinson's disease	MONDO:0008003;MONDO:0009783;MONDO:0016810;MONDO:0024528;OMIM:157640;OMIM:258450;Orphanet:520820	GenCC	G2P	Definitive	Autosomal recessive	MONDO:0008758	mitochondrial DNA depletion syndrome 4a	OMIM:203700	MITOCHONDRIAL DNA DEPLETION SYNDROME 4A (ALPERS TYPE); MTDPS4A	2015-07-22	G2P
match	CPEO_POLG	POLG	Progressive external ophthalmoplegia, Parkinson's disease	MONDO:0008003;MONDO:0009783;MONDO:0016810;MONDO:0024528;OMIM:157640;OMIM:258450;Orphanet:520820	GenCC	G2P	Definitive	Autosomal dominant	MONDO:0024528	progressive external ophthalmoplegia with mitochondrial DNA deletions, autosomal dominant 1	OMIM:157640	PROGRESSIVE EXTERNAL OPHTHALMOPLEGIA WITH MITOCHONDRIAL DNA DELETIONS, AUTOSOMAL DOMINANT 1; PEOA1	2017-08-30	G2P
disease_mismatch	CPEO_POLG	POLG	Progressive external ophthalmoplegia, Parkinson's disease	MONDO:0008003;MONDO:0009783;MONDO:0016810;MONDO:0024528;OMIM:157640;OMIM:258450;Orphanet:520820	GenCC	G2P	Definitive	Autosomal recessive	MONDO:0011835	sensory ataxic neuropathy, dysarthria, and ophthalmoparesis	OMIM:607459	SENSORY ATAXIC NEUROPATHY, DYSARTHRIA, AND OPHTHALMOPARESIS; SANDO	2017-08-30	G2P
match	CPEO_POLG	POLG	Progressive external ophthalmoplegia, Parkinson's disease	MONDO:0008003;MONDO:0009783;MONDO:0016810;MONDO:0024528;OMIM:157640;OMIM:258450;Orphanet:520820	GenCC	PanelApp Australia	Strong	Autosomal dominant	MONDO:0024528	progressive external ophthalmoplegia with mitochondrial DNA deletions, autosomal dominant 1	OMIM:157640	PROGRESSIVE EXTERNAL OPHTHALMOPLEGIA WITH MITOCHONDRIAL DNA DELETIONS, AUTOSOMAL DOMINANT 1; PEOA1	2025-01-17	PanelApp
disease_mismatch	CPEO_POLG	POLG	Progressive external ophthalmoplegia, Parkinson's disease	MONDO:0008003;MONDO:0009783;MONDO:0016810;MONDO:0024528;OMIM:157640;OMIM:258450;Orphanet:520820	GenCC	PanelApp Australia	Strong	Autosomal recessive	MONDO:0008758	mitochondrial DNA depletion syndrome 4a	OMIM:203700	MITOCHONDRIAL DNA DEPLETION SYNDROME 4A (ALPERS TYPE); MTDPS4A	2025-01-17	PanelApp
disease_mismatch	CPEO_POLG	POLG	Progressive external ophthalmoplegia, Parkinson's disease	MONDO:0008003;MONDO:0009783;MONDO:0016810;MONDO:0024528;OMIM:157640;OMIM:258450;Orphanet:520820	GenCC	PanelApp Australia	Strong	Autosomal recessive	MONDO:0013350	mitochondrial DNA depletion syndrome 4b	OMIM:613662	MITOCHONDRIAL DNA DEPLETION SYNDROME 4B (MNGIE TYPE); MTDPS4B	2025-01-17	PanelApp
disease_mismatch	CPEO_POLG	POLG	Progressive external ophthalmoplegia, Parkinson's disease	MONDO:0008003;MONDO:0009783;MONDO:0016810;MONDO:0024528;OMIM:157640;OMIM:258450;Orphanet:520820	GenCC	PanelApp Australia	Strong	Autosomal recessive	MONDO:0011835	sensory ataxic neuropathy, dysarthria, and ophthalmoparesis	OMIM:607459	SENSORY ATAXIC NEUROPATHY, DYSARTHRIA, AND OPHTHALMOPARESIS; SANDO	2025-01-17	PanelApp
match	CPEO_POLG	POLG	Progressive external ophthalmoplegia, Parkinson's disease	MONDO:0008003;MONDO:0009783;MONDO:0016810;MONDO:0024528;OMIM:157640;OMIM:258450;Orphanet:520820	GenCC	PanelApp Australia	Strong	Autosomal recessive	MONDO:0009783	progressive external ophthalmoplegia with mitochondrial DNA deletions, autosomal recessive 1	OMIM:258450	PROGRESSIVE EXTERNAL OPHTHALMOPLEGIA WITH MITOCHONDRIAL DNA DELETIONS, AUTOSOMAL RECESSIVE 1; PEOB1	2025-01-17	PanelApp
match	DBQD2_XYLT1	XYLT1	Baratela-Scott Syndrome/Desbuquois dysplasia 2	MONDO:0014343;OMIM:615777;Orphanet:1425	GenCC	Labcorp Genetics (formerly Invitae)	Strong	Autosomal recessive	MONDO:0014343	Desbuquois dysplasia 2	OMIM:615777	DESBUQUOIS DYSPLASIA 2; DBQD2	2022-04-19	Labcorp
match	DBQD2_XYLT1	XYLT1	Baratela-Scott Syndrome/Desbuquois dysplasia 2	MONDO:0014343;OMIM:615777;Orphanet:1425	GenCC	Orphanet	Supportive	Autosomal recessive	MONDO:0015426	Desbuquois dysplasia	Orphanet:1425	Desbuquois syndrome	2021-09-14	Orphanet
disease_mismatch	DBQD2_XYLT1	XYLT1	Baratela-Scott Syndrome/Desbuquois dysplasia 2	MONDO:0014343;OMIM:615777;Orphanet:1425	GenCC	Orphanet	Supportive	Autosomal recessive	MONDO:0018273	XYLT1-congenital disorder of glycosylation	Orphanet:370930	XYLT1-CDG	2021-09-14	Orphanet
match	DBQD2_XYLT1	XYLT1	Baratela-Scott Syndrome/Desbuquois dysplasia 2	MONDO:0014343;OMIM:615777;Orphanet:1425	GenCC	G2P	Strong	Autosomal recessive	MONDO:0014343	Desbuquois dysplasia 2	OMIM:615777	DESBUQUOIS DYSPLASIA 2; DBQD2	2025-06-04	G2P
match	DBQD2_XYLT1	XYLT1	Baratela-Scott Syndrome/Desbuquois dysplasia 2	MONDO:0014343;OMIM:615777;Orphanet:1425	GenCC	PanelApp Australia	Strong	Autosomal recessive	MONDO:0014343	Desbuquois dysplasia 2	OMIM:615777	DESBUQUOIS DYSPLASIA 2; DBQD2	2025-01-17	PanelApp
match	DM1_DMPK	DMPK	Myotonic dystrophy type 1	MONDO:0008056;OMIM:160900;Orphanet:273	GenCC	Labcorp Genetics (formerly Invitae)	Strong	Autosomal dominant	MONDO:0008056	myotonic dystrophy type 1	OMIM:160900	MYOTONIC DYSTROPHY 1; DM1	2022-01-26	Labcorp
match	DM1_DMPK	DMPK	Myotonic dystrophy type 1	MONDO:0008056;OMIM:160900;Orphanet:273	GenCC	G2P	Definitive	Autosomal dominant	MONDO:0008056	myotonic dystrophy type 1	OMIM:160900	MYOTONIC DYSTROPHY 1; DM1	2018-01-21	G2P
match	DM2_CNBP	CNBP	Myotonic dystrophy type 2	MONDO:0011266;OMIM:602668;Orphanet:606	GenCC	Labcorp Genetics (formerly Invitae)	Strong	Autosomal dominant	MONDO:0011266	myotonic dystrophy type 2	OMIM:602668	MYOTONIC DYSTROPHY 2; DM2	2021-04-16	Labcorp
match	DM2_CNBP	CNBP	Myotonic dystrophy type 2	MONDO:0011266;OMIM:602668;Orphanet:606	GenCC	Orphanet	Supportive	Autosomal dominant	MONDO:0011266	myotonic dystrophy type 2	Orphanet:606	Proximal myotonic myopathy	2021-09-14	Orphanet
match	DM2_CNBP	CNBP	Myotonic dystrophy type 2	MONDO:0011266;OMIM:602668;Orphanet:606	GenCC	G2P	Definitive	Autosomal dominant	MONDO:0011266	myotonic dystrophy type 2	OMIM:602668	MYOTONIC DYSTROPHY 2; DM2	2017-08-16	G2P
disease_mismatch	DMD_DMD	DMD	Duchenne muscular dystrophy	MONDO:0010679;MONDO:0016106;MONDO:0016899;OMIM:310200;Orphanet:98896	GenCC	Ambry Genetics	Definitive	X-linked	MONDO:0010311	Becker muscular dystrophy	OMIM:300376	MUSCULAR DYSTROPHY, BECKER TYPE; BMD	2015-11-09	Ambry
disease_mismatch	DMD_DMD	DMD	Duchenne muscular dystrophy	MONDO:0010679;MONDO:0016106;MONDO:0016899;OMIM:310200;Orphanet:98896	GenCC	Ambry Genetics	Definitive	X-linked	MONDO:0010542	dilated cardiomyopathy 3B	OMIM:302045	CARDIOMYOPATHY, DILATED, 3B; CMD3B	2015-11-09	Ambry
match	DMD_DMD	DMD	Duchenne muscular dystrophy	MONDO:0010679;MONDO:0016106;MONDO:0016899;OMIM:310200;Orphanet:98896	GenCC	Ambry Genetics	Definitive	X-linked	MONDO:0010679	Duchenne muscular dystrophy	OMIM:310200	MUSCULAR DYSTROPHY, DUCHENNE TYPE; DMD	2018-01-26	Ambry
match	DMD_DMD	DMD	Duchenne muscular dystrophy	MONDO:0010679;MONDO:0016106;MONDO:0016899;OMIM:310200;Orphanet:98896	GenCC	ClinGen	Definitive	X-linked	MONDO:0016106	progressive muscular dystrophy	MONDO:0016106	progressive muscular dystrophy	2024-11-14	ClinGen
match	DMD_DMD	DMD	Duchenne muscular dystrophy	MONDO:0010679;MONDO:0016106;MONDO:0016899;OMIM:310200;Orphanet:98896	GenCC	Labcorp Genetics (formerly Invitae)	Strong	X-linked	MONDO:0010679	Duchenne muscular dystrophy	OMIM:310200	MUSCULAR DYSTROPHY, DUCHENNE TYPE; DMD	2023-05-26	Labcorp
match	DMD_DMD	DMD	Duchenne muscular dystrophy	MONDO:0010679;MONDO:0016106;MONDO:0016899;OMIM:310200;Orphanet:98896	GenCC	Myriad Women's Health	Definitive	X-linked	MONDO:0016899	Duchenne and Becker muscular dystrophy	MONDO:0016899	Duchenne and Becker muscular dystrophy	2018-07-05	Myriad
disease_mismatch	DMD_DMD	DMD	Duchenne muscular dystrophy	MONDO:0010679;MONDO:0016106;MONDO:0016899;OMIM:310200;Orphanet:98896	GenCC	Orphanet	Supportive	Autosomal dominant	MONDO:0015470	familial isolated dilated cardiomyopathy	Orphanet:154	Familial isolated dilated cardiomyopathy	2021-09-14	Orphanet
disease_mismatch	DMD_DMD	DMD	Duchenne muscular dystrophy	MONDO:0010679;MONDO:0016106;MONDO:0016899;OMIM:310200;Orphanet:98896	GenCC	Orphanet	Supportive	X-linked	MONDO:0019181	non-syndromic X-linked intellectual disability	Orphanet:777	X-linked non-syndromic intellectual disability	2021-09-14	Orphanet
disease_mismatch	DMD_DMD	DMD	Duchenne muscular dystrophy	MONDO:0010679;MONDO:0016106;MONDO:0016899;OMIM:310200;Orphanet:98896	GenCC	Orphanet	Supportive	X-linked	MONDO:0010311	Becker muscular dystrophy	Orphanet:98895	Becker muscular dystrophy	2021-09-14	Orphanet
match	DMD_DMD	DMD	Duchenne muscular dystrophy	MONDO:0010679;MONDO:0016106;MONDO:0016899;OMIM:310200;Orphanet:98896	GenCC	Orphanet	Supportive	X-linked	MONDO:0010679	Duchenne muscular dystrophy	Orphanet:98896	Duchenne muscular dystrophy	2021-09-14	Orphanet
disease_mismatch	DMD_DMD	DMD	Duchenne muscular dystrophy	MONDO:0010679;MONDO:0016106;MONDO:0016899;OMIM:310200;Orphanet:98896	GenCC	Orphanet	Supportive	X-linked	MONDO:0016097	symptomatic form of muscular dystrophy of Duchenne and Becker in female carriers	Orphanet:206546	Symptomatic form of muscular dystrophy of Duchenne and Becker in female carriers	2021-09-14	Orphanet
match	DMD_DMD	DMD	Duchenne muscular dystrophy	MONDO:0010679;MONDO:0016106;MONDO:0016899;OMIM:310200;Orphanet:98896	GenCC	G2P	Definitive	X-linked	MONDO:0010679	Duchenne muscular dystrophy	OMIM:310200	MUSCULAR DYSTROPHY, DUCHENNE TYPE; DMD	2015-07-22	G2P
match	DMD_DMD	DMD	Duchenne muscular dystrophy	MONDO:0010679;MONDO:0016106;MONDO:0016899;OMIM:310200;Orphanet:98896	GenCC	PanelApp Australia	Strong	X-linked	MONDO:0016106	progressive muscular dystrophy	MONDO:0016106	progressive muscular dystrophy	2025-01-17	PanelApp
disease_mismatch	DMD_DMD	DMD	Duchenne muscular dystrophy	MONDO:0010679;MONDO:0016106;MONDO:0016899;OMIM:310200;Orphanet:98896	GenCC	Natera	Definitive	X-linked recessive	MONDO:0010542	dilated cardiomyopathy 3B	MONDO:0010542	dilated cardiomyopathy 3B	2022-12-16	
match	DMD_DMD	DMD	Duchenne muscular dystrophy	MONDO:0010679;MONDO:0016106;MONDO:0016899;OMIM:310200;Orphanet:98896	GenCC	Natera	Definitive	X-linked recessive	MONDO:0010679	Duchenne muscular dystrophy	MONDO:0010679	Duchenne muscular dystrophy	2022-12-16	
disease_mismatch	DRPLA_ATN1	ATN1	Dentatorubral-Pallidoluysian Atrophy	MONDO:0007435;OMIM:125370;Orphanet:101	GenCC	Ambry Genetics	Moderate	Autosomal dominant	MONDO:0032781	congenital hypotonia, epilepsy, developmental delay, and digital anomalies	OMIM:618494	CONGENITAL HYPOTONIA, EPILEPSY, DEVELOPMENTAL DELAY, AND DIGITAL ANOMALIES; CHEDDA	2019-07-15	Ambry
disease_mismatch	DRPLA_ATN1	ATN1	Dentatorubral-Pallidoluysian Atrophy	MONDO:0007435;OMIM:125370;Orphanet:101	GenCC	Illumina	Moderate	Autosomal dominant	MONDO:0032781	congenital hypotonia, epilepsy, developmental delay, and digital anomalies	MONDO:0032781	congenital hypotonia, epilepsy, developmental delay, and digital anomalies	2019-08-10	Illumina
match	DRPLA_ATN1	ATN1	Dentatorubral-Pallidoluysian Atrophy	MONDO:0007435;OMIM:125370;Orphanet:101	GenCC	Labcorp Genetics (formerly Invitae)	Strong	Autosomal dominant	MONDO:0007435	dentatorubral-pallidoluysian atrophy	OMIM:125370	DENTATORUBRAL-PALLIDOLUYSIAN ATROPHY; DRPLA	2021-08-18	Labcorp
disease_mismatch	DRPLA_ATN1	ATN1	Dentatorubral-Pallidoluysian Atrophy	MONDO:0007435;OMIM:125370;Orphanet:101	GenCC	Labcorp Genetics (formerly Invitae)	Strong	Autosomal dominant	MONDO:0032781	congenital hypotonia, epilepsy, developmental delay, and digital anomalies	OMIM:618494	CONGENITAL HYPOTONIA, EPILEPSY, DEVELOPMENTAL DELAY, AND DIGITAL ANOMALIES; CHEDDA	2023-01-24	Labcorp
match	DRPLA_ATN1	ATN1	Dentatorubral-Pallidoluysian Atrophy	MONDO:0007435;OMIM:125370;Orphanet:101	GenCC	Orphanet	Supportive	Autosomal dominant	MONDO:0007435	dentatorubral-pallidoluysian atrophy	Orphanet:101	Dentatorubral pallidoluysian atrophy	2021-09-14	Orphanet
disease_mismatch	DRPLA_ATN1	ATN1	Dentatorubral-Pallidoluysian Atrophy	MONDO:0007435;OMIM:125370;Orphanet:101	GenCC	G2P	Strong	Autosomal dominant	MONDO:0032781	congenital hypotonia, epilepsy, developmental delay, and digital anomalies	OMIM:618494	CONGENITAL HYPOTONIA, EPILEPSY, DEVELOPMENTAL DELAY, AND DIGITAL ANOMALIES; CHEDDA	2025-01-16	G2P
disease_mismatch	DRPLA_ATN1	ATN1	Dentatorubral-Pallidoluysian Atrophy	MONDO:0007435;OMIM:125370;Orphanet:101	GenCC	PanelApp Australia	Strong	Autosomal dominant	MONDO:0032781	congenital hypotonia, epilepsy, developmental delay, and digital anomalies	OMIM:618494	CONGENITAL HYPOTONIA, EPILEPSY, DEVELOPMENTAL DELAY, AND DIGITAL ANOMALIES; CHEDDA	2025-01-17	PanelApp
match	DRPLA_ATN1	ATN1	Dentatorubral-Pallidoluysian Atrophy	MONDO:0007435;OMIM:125370;Orphanet:101	GenCC	ClinGen	Definitive	Autosomal dominant	MONDO:0007435	dentatorubral-pallidoluysian atrophy	MONDO:0007435	dentatorubral-pallidoluysian atrophy	2026-05-13	ClinGen
match	EDM1-PSACH_COMP	COMP	Multiple epiphyseal dysplasia, Pseudoachondroplasia	MONDO:0007561;MONDO:0008322;MONDO:0100593;OMIM:132400;OMIM:177170;Orphanet:750;Orphanet:93308	GenCC	ClinGen	Definitive	Autosomal dominant	MONDO:0100593	COMP-related skeletal dysplasia	MONDO:0100593	COMP-related skeletal dysplasia	2025-02-28	ClinGen
match	EDM1-PSACH_COMP	COMP	Multiple epiphyseal dysplasia, Pseudoachondroplasia	MONDO:0007561;MONDO:0008322;MONDO:0100593;OMIM:132400;OMIM:177170;Orphanet:750;Orphanet:93308	GenCC	Illumina	Definitive	Autosomal dominant	MONDO:0008322	pseudoachondroplasia	MONDO:0008322	pseudoachondroplasia	2017-03-06	Illumina
match	EDM1-PSACH_COMP	COMP	Multiple epiphyseal dysplasia, Pseudoachondroplasia	MONDO:0007561;MONDO:0008322;MONDO:0100593;OMIM:132400;OMIM:177170;Orphanet:750;Orphanet:93308	GenCC	Labcorp Genetics (formerly Invitae)	Limited	Unknown	MONDO:0008322	pseudoachondroplasia	OMIM:177170	PSEUDOACHONDROPLASIA; PSACH	2023-01-10	Labcorp
match	EDM1-PSACH_COMP	COMP	Multiple epiphyseal dysplasia, Pseudoachondroplasia	MONDO:0007561;MONDO:0008322;MONDO:0100593;OMIM:132400;OMIM:177170;Orphanet:750;Orphanet:93308	GenCC	Labcorp Genetics (formerly Invitae)	Strong	Autosomal dominant	MONDO:0007561	multiple epiphyseal dysplasia type 1	OMIM:132400	EPIPHYSEAL DYSPLASIA, MULTIPLE, 1; EDM1	2023-01-05	Labcorp
match	EDM1-PSACH_COMP	COMP	Multiple epiphyseal dysplasia, Pseudoachondroplasia	MONDO:0007561;MONDO:0008322;MONDO:0100593;OMIM:132400;OMIM:177170;Orphanet:750;Orphanet:93308	GenCC	Labcorp Genetics (formerly Invitae)	Strong	Autosomal dominant	MONDO:0008322	pseudoachondroplasia	OMIM:177170	PSEUDOACHONDROPLASIA; PSACH	2023-01-10	Labcorp
match	EDM1-PSACH_COMP	COMP	Multiple epiphyseal dysplasia, Pseudoachondroplasia	MONDO:0007561;MONDO:0008322;MONDO:0100593;OMIM:132400;OMIM:177170;Orphanet:750;Orphanet:93308	GenCC	Orphanet	Supportive	Autosomal dominant	MONDO:0008322	pseudoachondroplasia	Orphanet:750	Pseudoachondroplasia	2021-09-14	Orphanet
match	EDM1-PSACH_COMP	COMP	Multiple epiphyseal dysplasia, Pseudoachondroplasia	MONDO:0007561;MONDO:0008322;MONDO:0100593;OMIM:132400;OMIM:177170;Orphanet:750;Orphanet:93308	GenCC	Orphanet	Supportive	Autosomal dominant	MONDO:0007561	multiple epiphyseal dysplasia type 1	Orphanet:93308	Multiple epiphyseal dysplasia type 1	2021-09-14	Orphanet
match	EDM1-PSACH_COMP	COMP	Multiple epiphyseal dysplasia, Pseudoachondroplasia	MONDO:0007561;MONDO:0008322;MONDO:0100593;OMIM:132400;OMIM:177170;Orphanet:750;Orphanet:93308	GenCC	G2P	Definitive	Autosomal dominant	MONDO:0100593	COMP-related skeletal dysplasia	MONDO:0100593	COMP-related skeletal dysplasia	2026-06-09	G2P
excluded	EIEE1_ARX	ARX	Early-infantile epileptic encephalopathy	MONDO:0010632;MONDO:0100062;OMIM:300419;OMIM:308350;Orphanet:182079	GenCC	Ambry Genetics	Strong	X-linked	MONDO:0010268	X-linked lissencephaly with abnormal genitalia	OMIM:300215	LISSENCEPHALY, X-LINKED, 2; LISX2	2018-08-14	Ambry
match	EIEE1_ARX	ARX	Early-infantile epileptic encephalopathy	MONDO:0010632;MONDO:0100062;OMIM:300419;OMIM:308350;Orphanet:182079	GenCC	Ambry Genetics	Moderate	X-linked	MONDO:0010317	intellectual disability, X-linked, with or without seizures, ARX-related	OMIM:300419	INTELLECTUAL DEVELOPMENTAL DISORDER, X-LINKED 29; XLID29	2018-08-14	Ambry
match	EIEE1_ARX	ARX	Early-infantile epileptic encephalopathy	MONDO:0010632;MONDO:0100062;OMIM:300419;OMIM:308350;Orphanet:182079	GenCC	ClinGen	Definitive	X-linked	MONDO:0100062	genetic developmental and epileptic encephalopathy	MONDO:0100062	genetic developmental and epileptic encephalopathy	2019-06-04	ClinGen
disease_mismatch	EIEE1_ARX	ARX	Early-infantile epileptic encephalopathy	MONDO:0010632;MONDO:0100062;OMIM:300419;OMIM:308350;Orphanet:182079	GenCC	ClinGen	Definitive	X-linked	MONDO:0100148	X-linked complex neurodevelopmental disorder	MONDO:0100148	X-linked complex neurodevelopmental disorder	2020-12-01	ClinGen
excluded	EIEE1_ARX	ARX	Early-infantile epileptic encephalopathy	MONDO:0010632;MONDO:0100062;OMIM:300419;OMIM:308350;Orphanet:182079	GenCC	Genomics England PanelApp	Moderate	X-linked	MONDO:0010268	X-linked lissencephaly with abnormal genitalia	OMIM:300215	LISSENCEPHALY, X-LINKED, 2; LISX2	2021-01-29	PanelApp
excluded	EIEE1_ARX	ARX	Early-infantile epileptic encephalopathy	MONDO:0010632;MONDO:0100062;OMIM:300419;OMIM:308350;Orphanet:182079	GenCC	Labcorp Genetics (formerly Invitae)	Strong	X-linked	MONDO:0010268	X-linked lissencephaly with abnormal genitalia	OMIM:300215	LISSENCEPHALY, X-LINKED, 2; LISX2	2020-06-16	Labcorp
match	EIEE1_ARX	ARX	Early-infantile epileptic encephalopathy	MONDO:0010632;MONDO:0100062;OMIM:300419;OMIM:308350;Orphanet:182079	GenCC	Orphanet	Supportive	Autosomal dominant	MONDO:0100062	genetic developmental and epileptic encephalopathy	Orphanet:1934	Early infantile developmental and epileptic encephalopathy	2021-09-14	Orphanet
disease_mismatch	EIEE1_ARX	ARX	Early-infantile epileptic encephalopathy	MONDO:0010632;MONDO:0100062;OMIM:300419;OMIM:308350;Orphanet:182079	GenCC	Orphanet	Supportive	X-linked	MONDO:0010224	corpus callosum agenesis-abnormal genitalia syndrome	Orphanet:2508	Corpus callosum agenesis-abnormal genitalia syndrome	2021-09-14	Orphanet
disease_mismatch	EIEE1_ARX	ARX	Early-infantile epileptic encephalopathy	MONDO:0010632;MONDO:0100062;OMIM:300419;OMIM:308350;Orphanet:182079	GenCC	Orphanet	Supportive	X-linked	MONDO:0017856	X-linked spasticity-intellectual disability-epilepsy syndrome	Orphanet:3175	X-linked spasticity-intellectual disability-epilepsy syndrome	2021-09-14	Orphanet
disease_mismatch	EIEE1_ARX	ARX	Early-infantile epileptic encephalopathy	MONDO:0010632;MONDO:0100062;OMIM:300419;OMIM:308350;Orphanet:182079	GenCC	Orphanet	Supportive	X-linked	MONDO:0019181	non-syndromic X-linked intellectual disability	Orphanet:777	X-linked non-syndromic intellectual disability	2021-09-14	Orphanet
excluded	EIEE1_ARX	ARX	Early-infantile epileptic encephalopathy	MONDO:0010632;MONDO:0100062;OMIM:300419;OMIM:308350;Orphanet:182079	GenCC	Orphanet	Supportive	X-linked	MONDO:0010268	X-linked lissencephaly with abnormal genitalia	Orphanet:452	X-linked lissencephaly with abnormal genitalia	2021-09-14	Orphanet
disease_mismatch	EIEE1_ARX	ARX	Early-infantile epileptic encephalopathy	MONDO:0010632;MONDO:0100062;OMIM:300419;OMIM:308350;Orphanet:182079	GenCC	Orphanet	Supportive	X-linked	MONDO:0010654	Partington syndrome	Orphanet:94083	Partington syndrome	2021-09-14	Orphanet
disease_mismatch	EIEE1_ARX	ARX	Early-infantile epileptic encephalopathy	MONDO:0010632;MONDO:0100062;OMIM:300419;OMIM:308350;Orphanet:182079	GenCC	Orphanet	Supportive	X-linked	MONDO:0018226	infantile epileptic-dyskinetic encephalopathy	Orphanet:364063	Infantile epileptic-dyskinetic encephalopathy	2021-09-14	Orphanet
disease_mismatch	EIEE1_ARX	ARX	Early-infantile epileptic encephalopathy	MONDO:0010632;MONDO:0100062;OMIM:300419;OMIM:308350;Orphanet:182079	GenCC	G2P	Definitive	X-linked	MONDO:0100148	X-linked complex neurodevelopmental disorder	MONDO:0100148	X-linked complex neurodevelopmental disorder	2025-01-21	G2P
match	EIEE1_ARX	ARX	Early-infantile epileptic encephalopathy	MONDO:0010632;MONDO:0100062;OMIM:300419;OMIM:308350;Orphanet:182079	GenCC	PanelApp Australia	Strong	X-linked	MONDO:0010632	developmental and epileptic encephalopathy, 1	OMIM:308350	DEVELOPMENTAL AND EPILEPTIC ENCEPHALOPATHY 1; DEE1	2025-01-17	PanelApp
disease_mismatch	EIEE1_ARX	ARX	Early-infantile epileptic encephalopathy	MONDO:0010632;MONDO:0100062;OMIM:300419;OMIM:308350;Orphanet:182079	GenCC	PanelApp Australia	Strong	X-linked	MONDO:0700092	neurodevelopmental disorder	MONDO:0700092	neurodevelopmental disorder	2025-01-17	PanelApp
match	EPM1_CSTB	CSTB	Progressive Myoclonic Epilepsy Type 1 (EPM1), a.k.a. Unverricht-Lundborg Disease (ULD)	MONDO:0009698;OMIM:254800;Orphanet:308	GenCC	ClinGen	Definitive	Autosomal recessive	MONDO:0009698	Unverricht-Lundborg syndrome	MONDO:0009698	Unverricht-Lundborg syndrome	2020-06-16	ClinGen
disease_mismatch	EPM1_CSTB	CSTB	Progressive Myoclonic Epilepsy Type 1 (EPM1), a.k.a. Unverricht-Lundborg Disease (ULD)	MONDO:0009698;OMIM:254800;Orphanet:308	GenCC	ClinGen	Moderate	Autosomal recessive	MONDO:0100062	genetic developmental and epileptic encephalopathy	MONDO:0100062	genetic developmental and epileptic encephalopathy	2020-12-01	ClinGen
match	EPM1_CSTB	CSTB	Progressive Myoclonic Epilepsy Type 1 (EPM1), a.k.a. Unverricht-Lundborg Disease (ULD)	MONDO:0009698;OMIM:254800;Orphanet:308	GenCC	Labcorp Genetics (formerly Invitae)	Strong	Autosomal recessive	MONDO:0009698	Unverricht-Lundborg syndrome	OMIM:254800	MYOCLONIC EPILEPSY OF UNVERRICHT AND LUNDBORG	2023-06-08	Labcorp
match	EPM1_CSTB	CSTB	Progressive Myoclonic Epilepsy Type 1 (EPM1), a.k.a. Unverricht-Lundborg Disease (ULD)	MONDO:0009698;OMIM:254800;Orphanet:308	GenCC	Orphanet	Supportive	Autosomal recessive	MONDO:0009698	Unverricht-Lundborg syndrome	Orphanet:308	Progressive myoclonic epilepsy type 1	2021-09-14	Orphanet
disease_mismatch	EPM1_CSTB	CSTB	Progressive Myoclonic Epilepsy Type 1 (EPM1), a.k.a. Unverricht-Lundborg Disease (ULD)	MONDO:0009698;OMIM:254800;Orphanet:308	GenCC	Orphanet	Supportive	Autosomal recessive	MONDO:0016619	autosomal recessive hypohidrotic ectodermal dysplasia	Orphanet:248	Autosomal recessive hypohidrotic ectodermal dysplasia	2021-09-14	Orphanet
match	EPM1_CSTB	CSTB	Progressive Myoclonic Epilepsy Type 1 (EPM1), a.k.a. Unverricht-Lundborg Disease (ULD)	MONDO:0009698;OMIM:254800;Orphanet:308	GenCC	G2P	Definitive	Autosomal recessive	MONDO:0009698	Unverricht-Lundborg syndrome	OMIM:254800	MYOCLONIC EPILEPSY OF UNVERRICHT AND LUNDBORG	2015-07-22	G2P
disease_mismatch	EPM_CSNK1E	CSNK1E	Progressive Myoclonic Epilepsy and Developmental and Epileptic Encephalopathy	MONDO:0020074;OMIM:600863	GenCC	Ambry Genetics	Limited	Autosomal dominant	MONDO:0100062	genetic developmental and epileptic encephalopathy	MONDO:0100062	genetic developmental and epileptic encephalopathy	2018-12-05	Ambry
match	FAME1_SAMD12	SAMD12	Familial adult myoclonic epilepsy type 1	MONDO:0010985;OMIM:601068;Orphanet:86814	GenCC	Labcorp Genetics (formerly Invitae)	Strong	Autosomal dominant	MONDO:0010985	epilepsy, familial adult myoclonic, 1	OMIM:601068	EPILEPSY, FAMILIAL ADULT MYOCLONIC, 1; FAME1	2020-04-14	Labcorp
match	FAME1_SAMD12	SAMD12	Familial adult myoclonic epilepsy type 1	MONDO:0010985;OMIM:601068;Orphanet:86814	GenCC	Orphanet	Supportive	Autosomal dominant	MONDO:0019448	benign adult familial myoclonic epilepsy	Orphanet:86814	Familial adult myoclonic epilepsy	2021-09-14	Orphanet
match	FAME1_SAMD12	SAMD12	Familial adult myoclonic epilepsy type 1	MONDO:0010985;OMIM:601068;Orphanet:86814	GenCC	PanelApp Australia	Limited	Semidominant	MONDO:0010985	epilepsy, familial adult myoclonic, 1	OMIM:601068	EPILEPSY, FAMILIAL ADULT MYOCLONIC, 1; FAME1	2025-01-17	PanelApp
match	FAME2_STARD7	STARD7	Familial adult myoclonic epilepsy 2	MONDO:0011930;OMIM:607876;Orphanet:86814	GenCC	PanelApp Australia	Limited	Autosomal dominant	MONDO:0011930	epilepsy, familial adult myoclonic, 2	OMIM:607876	EPILEPSY, FAMILIAL ADULT MYOCLONIC, 2; FAME2	2025-01-17	PanelApp
match	FAME3_MARCHF6	MARCHF6	Familial adult myoclonic epilepsy type 3	MONDO:0013322;OMIM:613608;Orphanet:86814	GenCC	Orphanet	Supportive	Autosomal dominant	MONDO:0019448	benign adult familial myoclonic epilepsy	Orphanet:86814	Familial adult myoclonic epilepsy	2021-09-14	Orphanet
match	FAME4_YEATS2	YEATS2	Familial adult myoclonic epilepsy 4	MONDO:0014055;OMIM:615127;Orphanet:86814	GenCC	Orphanet	Supportive	Autosomal dominant	MONDO:0019448	benign adult familial myoclonic epilepsy	Orphanet:86814	Familial adult myoclonic epilepsy	2021-09-14	Orphanet
match	FAME4_YEATS2	YEATS2	Familial adult myoclonic epilepsy 4	MONDO:0014055;OMIM:615127;Orphanet:86814	GenCC	PanelApp Australia	Limited	Autosomal dominant	MONDO:0014055	epilepsy, familial adult myoclonic, 4	OMIM:615127	EPILEPSY, FAMILIAL ADULT MYOCLONIC, 4; FAME4	2025-01-17	PanelApp
match	FAME6_TNRC6A	TNRC6A	Familial adult myoclonic epilepsy type 6	MONDO:0054846;OMIM:618074;Orphanet:86814	GenCC	Labcorp Genetics (formerly Invitae)	Limited	Unknown	MONDO:0054846	epilepsy, familial adult myoclonic, 6	OMIM:618074	EPILEPSY, FAMILIAL ADULT MYOCLONIC, 6; FAME6	2019-09-23	Labcorp
match	FAME6_TNRC6A	TNRC6A	Familial adult myoclonic epilepsy type 6	MONDO:0054846;OMIM:618074;Orphanet:86814	GenCC	PanelApp Australia	Limited	Autosomal dominant	MONDO:0054846	epilepsy, familial adult myoclonic, 6	OMIM:618074	EPILEPSY, FAMILIAL ADULT MYOCLONIC, 6; FAME6	2025-01-17	PanelApp
disease_mismatch	FAME7_RAPGEF2	RAPGEF2	Familial adult myoclonic epilepsy type 7	MONDO:0054847;OMIM:618075;Orphanet:86814	GenCC	Ambry Genetics	Limited	Autosomal dominant	MONDO:0004976	amyotrophic lateral sclerosis	MONDO:0004976	amyotrophic lateral sclerosis	2019-01-21	Ambry
match	FAME7_RAPGEF2	RAPGEF2	Familial adult myoclonic epilepsy type 7	MONDO:0054847;OMIM:618075;Orphanet:86814	GenCC	Labcorp Genetics (formerly Invitae)	Limited	Autosomal dominant	MONDO:0054847	epilepsy, familial adult myoclonic, 7	OMIM:618075	EPILEPSY, FAMILIAL ADULT MYOCLONIC, 7; FAME7	2019-09-23	Labcorp
disease_mismatch	FAME8_RAI1	RAI1	Familial adult myoclonic epilepsy type 8	Orphanet:86814	GenCC	Ambry Genetics	Moderate	Autosomal dominant	MONDO:0012574	Potocki-Lupski syndrome	MONDO:0012574	Potocki-Lupski syndrome	2018-05-30	Ambry
disease_mismatch	FAME8_RAI1	RAI1	Familial adult myoclonic epilepsy type 8	Orphanet:86814	GenCC	Ambry Genetics	Definitive	Autosomal dominant	MONDO:0008434	Smith-Magenis syndrome	OMIM:182290	SMITH-MAGENIS SYNDROME; SMS	2015-08-05	Ambry
disease_mismatch	FAME8_RAI1	RAI1	Familial adult myoclonic epilepsy type 8	Orphanet:86814	GenCC	ClinGen	Definitive	Autosomal dominant	MONDO:0008434	Smith-Magenis syndrome	MONDO:0008434	Smith-Magenis syndrome	2018-09-04	ClinGen
disease_mismatch	FAME8_RAI1	RAI1	Familial adult myoclonic epilepsy type 8	Orphanet:86814	GenCC	Labcorp Genetics (formerly Invitae)	Strong	Autosomal dominant	MONDO:0008434	Smith-Magenis syndrome	OMIM:182290	SMITH-MAGENIS SYNDROME; SMS	2020-04-09	Labcorp
disease_mismatch	FAME8_RAI1	RAI1	Familial adult myoclonic epilepsy type 8	Orphanet:86814	GenCC	Orphanet	Supportive	Autosomal dominant	MONDO:0008434	Smith-Magenis syndrome	Orphanet:819	Smith-Magenis syndrome	2021-09-14	Orphanet
disease_mismatch	FAME8_RAI1	RAI1	Familial adult myoclonic epilepsy type 8	Orphanet:86814	GenCC	G2P	Definitive	Autosomal dominant	MONDO:0008434	Smith-Magenis syndrome	OMIM:182290	SMITH-MAGENIS SYNDROME; SMS	2015-07-22	G2P
disease_mismatch	FAME8_RAI1	RAI1	Familial adult myoclonic epilepsy type 8	Orphanet:86814	GenCC	PanelApp Australia	Strong	Autosomal dominant	MONDO:0008434	Smith-Magenis syndrome	OMIM:182290	SMITH-MAGENIS SYNDROME; SMS	2025-01-17	PanelApp
disease_mismatch	FECD3_TCF4	TCF4	Fuchs endothelial corneal dystrophy 3	MONDO:0013203;OMIM:613267;Orphanet:98974	GenCC	Ambry Genetics	Limited	Autosomal dominant	MONDO:0001071	intellectual disability	MONDO:0001071	intellectual disability	2018-03-22	Ambry
disease_mismatch	FECD3_TCF4	TCF4	Fuchs endothelial corneal dystrophy 3	MONDO:0013203;OMIM:613267;Orphanet:98974	GenCC	Ambry Genetics	Definitive	Autosomal dominant	MONDO:0012589	Pitt-Hopkins syndrome	OMIM:610954	PITT-HOPKINS SYNDROME; PTHS	2018-03-22	Ambry
disease_mismatch	FECD3_TCF4	TCF4	Fuchs endothelial corneal dystrophy 3	MONDO:0013203;OMIM:613267;Orphanet:98974	GenCC	Ambry Genetics	Limited	Autosomal dominant	MONDO:0005258	autism spectrum disorder	MONDO:0005258	autism spectrum disorder	2018-03-22	Ambry
disease_mismatch	FECD3_TCF4	TCF4	Fuchs endothelial corneal dystrophy 3	MONDO:0013203;OMIM:613267;Orphanet:98974	GenCC	ClinGen	Definitive	Autosomal dominant	MONDO:0012589	Pitt-Hopkins syndrome	MONDO:0012589	Pitt-Hopkins syndrome	2018-05-02	ClinGen
disease_mismatch	FECD3_TCF4	TCF4	Fuchs endothelial corneal dystrophy 3	MONDO:0013203;OMIM:613267;Orphanet:98974	GenCC	Labcorp Genetics (formerly Invitae)	Strong	Autosomal dominant	MONDO:0012589	Pitt-Hopkins syndrome	OMIM:610954	PITT-HOPKINS SYNDROME; PTHS	2023-05-24	Labcorp
disease_mismatch	FECD3_TCF4	TCF4	Fuchs endothelial corneal dystrophy 3	MONDO:0013203;OMIM:613267;Orphanet:98974	GenCC	Orphanet	Supportive	Autosomal dominant	MONDO:0012589	Pitt-Hopkins syndrome	Orphanet:2896	Pitt-Hopkins syndrome	2021-09-14	Orphanet
match	FECD3_TCF4	TCF4	Fuchs endothelial corneal dystrophy 3	MONDO:0013203;OMIM:613267;Orphanet:98974	GenCC	Orphanet	Supportive	Autosomal dominant	MONDO:0005321	Fuchs' endothelial dystrophy	Orphanet:98974	Fuchs endothelial corneal dystrophy	2021-09-14	Orphanet
disease_mismatch	FECD3_TCF4	TCF4	Fuchs endothelial corneal dystrophy 3	MONDO:0013203;OMIM:613267;Orphanet:98974	GenCC	Orphanet	Supportive	Autosomal dominant	MONDO:0015802	autosomal dominant non-syndromic intellectual disability	Orphanet:178469	Autosomal dominant non-syndromic intellectual disability	2021-09-14	Orphanet
disease_mismatch	FECD3_TCF4	TCF4	Fuchs endothelial corneal dystrophy 3	MONDO:0013203;OMIM:613267;Orphanet:98974	GenCC	PanelApp Australia	Strong	Autosomal dominant	MONDO:0012589	Pitt-Hopkins syndrome	OMIM:610954	PITT-HOPKINS SYNDROME; PTHS	2025-01-17	PanelApp
disease_mismatch	FECD3_TCF4	TCF4	Fuchs endothelial corneal dystrophy 3	MONDO:0013203;OMIM:613267;Orphanet:98974	GenCC	G2P	Definitive	Autosomal dominant	MONDO:0012589	Pitt-Hopkins syndrome	OMIM:610954	PITT-HOPKINS SYNDROME; PTHS	2025-01-28	G2P
match	FECD3_TCF4	TCF4	Fuchs endothelial corneal dystrophy 3	MONDO:0013203;OMIM:613267;Orphanet:98974	GenCC	G2P	Strong	Autosomal dominant	MONDO:0013203	corneal dystrophy, Fuchs endothelial, 3	OMIM:613267	CORNEAL DYSTROPHY, FUCHS ENDOTHELIAL, 3; FECD3	2017-08-31	G2P
match	FRA12A_DIP2B	DIP2B	Intellectual developmental disorder, FRA12A type	MONDO:0007634;OMIM:136630	GenCC	Ambry Genetics	Limited	Autosomal dominant	MONDO:0007634	intellectual disability, FRA12A type	OMIM:136630	INTELLECTUAL DEVELOPMENTAL DISORDER, FRA12A TYPE	2023-09-29	Ambry
match	FRA12A_DIP2B	DIP2B	Intellectual developmental disorder, FRA12A type	MONDO:0007634;OMIM:136630	GenCC	Labcorp Genetics (formerly Invitae)	No Known Disease Relationship	Unknown	MONDO:0007634	intellectual disability, FRA12A type	OMIM:136630	INTELLECTUAL DEVELOPMENTAL DISORDER, FRA12A TYPE	2017-04-17	Labcorp
match	FRA12A_DIP2B	DIP2B	Intellectual developmental disorder, FRA12A type	MONDO:0007634;OMIM:136630	GenCC	G2P	Limited	Autosomal dominant	MONDO:0007634	intellectual disability, FRA12A type	OMIM:136630	INTELLECTUAL DEVELOPMENTAL DISORDER, FRA12A TYPE	2015-07-22	G2P
disease_mismatch	FRA2A_AFF3	AFF3	Intellectual disability associated with fragile site FRA2A	MONDO:0001071;OMIM:601464	GenCC	Labcorp Genetics (formerly Invitae)	Strong	Autosomal dominant	MONDO:0851095	KINSSHIP syndrome	OMIM:619297	KINSSHIP SYNDROME; KINS	2021-05-18	Labcorp
disease_mismatch	FRA2A_AFF3	AFF3	Intellectual disability associated with fragile site FRA2A	MONDO:0001071;OMIM:601464	GenCC	G2P	Strong	Autosomal dominant	MONDO:0851095	KINSSHIP syndrome	OMIM:619297	KINSSHIP SYNDROME; KINS	2025-01-14	G2P
match	FRA2A_AFF3	AFF3	Intellectual disability associated with fragile site FRA2A	MONDO:0001071;OMIM:601464	GenCC	G2P	Moderate	Autosomal dominant	MONDO:0001071	intellectual disability	MONDO:0001071	intellectual disability	2024-11-22	G2P
disease_mismatch	FRA2A_AFF3	AFF3	Intellectual disability associated with fragile site FRA2A	MONDO:0001071;OMIM:601464	GenCC	PanelApp Australia	Strong	Autosomal dominant	MONDO:0851095	KINSSHIP syndrome	OMIM:619297	KINSSHIP SYNDROME; KINS	2025-01-17	PanelApp
match	FRA7A_ZNF713	ZNF713	Autism spectrum disorder associated with fragile site FRA7A	MONDO:0005260;OMIM:209850;OMIM:616181	GenCC	G2P	Limited	Autosomal dominant	MONDO:0005260	autism	OMIM:209850	AUTISM	2025-01-27	G2P
match	FRAXE_AFF2	AFF2	Intellectual developmental disorder, Fragile X intellectual disability	MONDO:0010659;MONDO:0019181;OMIM:309548;Orphanet:100973	GenCC	ClinGen	Definitive	X-linked	MONDO:0019181	non-syndromic X-linked intellectual disability	MONDO:0019181	non-syndromic X-linked intellectual disability	2025-08-11	ClinGen
match	FRAXE_AFF2	AFF2	Intellectual developmental disorder, Fragile X intellectual disability	MONDO:0010659;MONDO:0019181;OMIM:309548;Orphanet:100973	GenCC	Labcorp Genetics (formerly Invitae)	Strong	X-linked	MONDO:0010659	FRAXE intellectual disability	OMIM:309548	INTELLECTUAL DEVELOPMENTAL DISORDER, X-LINKED 109; XLID109	2021-05-25	Labcorp
match	FRAXE_AFF2	AFF2	Intellectual developmental disorder, Fragile X intellectual disability	MONDO:0010659;MONDO:0019181;OMIM:309548;Orphanet:100973	GenCC	Orphanet	Supportive	X-linked	MONDO:0010659	FRAXE intellectual disability	Orphanet:100973	FRAXE intellectual disability	2021-09-14	Orphanet
match	FRAXE_AFF2	AFF2	Intellectual developmental disorder, Fragile X intellectual disability	MONDO:0010659;MONDO:0019181;OMIM:309548;Orphanet:100973	GenCC	G2P	Definitive	X-linked	MONDO:0010659	FRAXE intellectual disability	OMIM:309548	INTELLECTUAL DEVELOPMENTAL DISORDER, X-LINKED 109; XLID109	2024-09-03	G2P
match	FRAXE_AFF2	AFF2	Intellectual developmental disorder, Fragile X intellectual disability	MONDO:0010659;MONDO:0019181;OMIM:309548;Orphanet:100973	GenCC	PanelApp Australia	Strong	X-linked	MONDO:0010659	FRAXE intellectual disability	OMIM:309548	INTELLECTUAL DEVELOPMENTAL DISORDER, X-LINKED 109; XLID109	2025-01-17	PanelApp
match	FRDA_FXN	FXN	Friedreich ataxia	MONDO:0100339;MONDO:0100340;OMIM:229300;Orphanet:95	GenCC	ClinGen	Definitive	Autosomal recessive	MONDO:0100339	Friedreich ataxia	MONDO:0100339	Friedreich ataxia	2017-12-22	ClinGen
match	FRDA_FXN	FXN	Friedreich ataxia	MONDO:0100339;MONDO:0100340;OMIM:229300;Orphanet:95	GenCC	Labcorp Genetics (formerly Invitae)	Strong	Autosomal recessive	MONDO:0100340	Friedreich ataxia 1	OMIM:229300	FRIEDREICH ATAXIA; FRDA	2022-09-15	Labcorp
match	FRDA_FXN	FXN	Friedreich ataxia	MONDO:0100339;MONDO:0100340;OMIM:229300;Orphanet:95	GenCC	Orphanet	Supportive	Autosomal recessive	MONDO:0009245	Friedreich ataxia	Orphanet:95	Friedreich ataxia	2021-09-14	Orphanet
match	FRDA_FXN	FXN	Friedreich ataxia	MONDO:0100339;MONDO:0100340;OMIM:229300;Orphanet:95	GenCC	G2P	Definitive	Autosomal recessive	MONDO:0100340	Friedreich ataxia 1	OMIM:229300	FRIEDREICH ATAXIA; FRDA	2025-01-13	G2P
match	FRDA_FXN	FXN	Friedreich ataxia	MONDO:0100339;MONDO:0100340;OMIM:229300;Orphanet:95	GenCC	PanelApp Australia	Strong	Autosomal recessive	MONDO:0100339	Friedreich ataxia	MONDO:0100339	Friedreich ataxia	2025-01-17	PanelApp
match	FTDALS1_C9orf72	C9orf72	Frontotemporal dementia (FTD) and/or amyotrophic lateral sclerosis (ALS)	MONDO:0007105;OMIM:105550;Orphanet:275872	GenCC	Ambry Genetics	Moderate	Autosomal dominant	MONDO:0007105	frontotemporal dementia and/or amyotrophic lateral sclerosis 1	OMIM:105550	FRONTOTEMPORAL DEMENTIA AND/OR AMYOTROPHIC LATERAL SCLEROSIS 1; FTDALS1	2015-09-16	Ambry
disease_mismatch	FTDALS1_C9orf72	C9orf72	Frontotemporal dementia (FTD) and/or amyotrophic lateral sclerosis (ALS)	MONDO:0007105;OMIM:105550;Orphanet:275872	GenCC	Ambry Genetics	Limited	Autosomal dominant	MONDO:0020074	progressive myoclonus epilepsy	MONDO:0020074	progressive myoclonus epilepsy	2018-01-29	Ambry
match	FTDALS1_C9orf72	C9orf72	Frontotemporal dementia (FTD) and/or amyotrophic lateral sclerosis (ALS)	MONDO:0007105;OMIM:105550;Orphanet:275872	GenCC	ClinGen	Definitive	Autosomal dominant	MONDO:0007105	frontotemporal dementia and/or amyotrophic lateral sclerosis 1	MONDO:0007105	frontotemporal dementia and/or amyotrophic lateral sclerosis 1	2021-09-21	ClinGen
match	FTDALS1_C9orf72	C9orf72	Frontotemporal dementia (FTD) and/or amyotrophic lateral sclerosis (ALS)	MONDO:0007105;OMIM:105550;Orphanet:275872	GenCC	Labcorp Genetics (formerly Invitae)	Strong	Autosomal dominant	MONDO:0007105	frontotemporal dementia and/or amyotrophic lateral sclerosis 1	OMIM:105550	FRONTOTEMPORAL DEMENTIA AND/OR AMYOTROPHIC LATERAL SCLEROSIS 1; FTDALS1	2023-09-11	Labcorp
disease_mismatch	FXS_FMR1	FMR1	Fragile X syndrome	MONDO:0010383;OMIM:300624;Orphanet:908	GenCC	Ambry Genetics	Strong	X-linked	MONDO:0010706	premature ovarian failure 1	OMIM:311360	PREMATURE OVARIAN FAILURE 1; POF1	2018-01-03	Ambry
match	FXS_FMR1	FMR1	Fragile X syndrome	MONDO:0010383;OMIM:300624;Orphanet:908	GenCC	Ambry Genetics	Definitive	X-linked	MONDO:0010383	fragile X syndrome	OMIM:300624	FRAGILE X SYNDROME; FXS	2017-12-04	Ambry
disease_mismatch	FXS_FMR1	FMR1	Fragile X syndrome	MONDO:0010383;OMIM:300624;Orphanet:908	GenCC	Ambry Genetics	Strong	X-linked	MONDO:0010382	fragile X-associated tremor/ataxia syndrome	OMIM:300623	FRAGILE X TREMOR/ATAXIA SYNDROME; FXTAS	2018-01-03	Ambry
match	FXS_FMR1	FMR1	Fragile X syndrome	MONDO:0010383;OMIM:300624;Orphanet:908	GenCC	ClinGen	Definitive	X-linked	MONDO:0010383	fragile X syndrome	MONDO:0010383	fragile X syndrome	2019-06-03	ClinGen
match	FXS_FMR1	FMR1	Fragile X syndrome	MONDO:0010383;OMIM:300624;Orphanet:908	GenCC	Labcorp Genetics (formerly Invitae)	Strong	X-linked	MONDO:0010383	fragile X syndrome	OMIM:300624	FRAGILE X SYNDROME; FXS	2023-05-09	Labcorp
disease_mismatch	FXS_FMR1	FMR1	Fragile X syndrome	MONDO:0010383;OMIM:300624;Orphanet:908	GenCC	Labcorp Genetics (formerly Invitae)	Strong	X-linked	MONDO:0010382	fragile X-associated tremor/ataxia syndrome	OMIM:300623	FRAGILE X TREMOR/ATAXIA SYNDROME; FXTAS	2023-06-13	Labcorp
disease_mismatch	FXS_FMR1	FMR1	Fragile X syndrome	MONDO:0010383;OMIM:300624;Orphanet:908	GenCC	Labcorp Genetics (formerly Invitae)	Strong	X-linked	MONDO:0010706	premature ovarian failure 1	OMIM:311360	PREMATURE OVARIAN FAILURE 1; POF1	2021-08-31	Labcorp
match	FXS_FMR1	FMR1	Fragile X syndrome	MONDO:0010383;OMIM:300624;Orphanet:908	GenCC	Myriad Women's Health	Definitive	X-linked	MONDO:0010383	fragile X syndrome	MONDO:0010383	fragile X syndrome	2018-08-17	Myriad
match	FXS_FMR1	FMR1	Fragile X syndrome	MONDO:0010383;OMIM:300624;Orphanet:908	GenCC	Orphanet	Supportive	X-linked	MONDO:0010383	fragile X syndrome	Orphanet:908	Fragile X syndrome	2021-09-14	Orphanet
disease_mismatch	FXS_FMR1	FMR1	Fragile X syndrome	MONDO:0010383;OMIM:300624;Orphanet:908	GenCC	Orphanet	Supportive	X-linked	MONDO:0010382	fragile X-associated tremor/ataxia syndrome	Orphanet:93256	Fragile X-associated tremor/ataxia syndrome	2021-09-14	Orphanet
disease_mismatch	FXS_FMR1	FMR1	Fragile X syndrome	MONDO:0010383;OMIM:300624;Orphanet:908	GenCC	G2P	Definitive	X-linked	MONDO:0010382	fragile X-associated tremor/ataxia syndrome	OMIM:300623	FRAGILE X TREMOR/ATAXIA SYNDROME; FXTAS	2022-08-03	G2P
match	FXS_FMR1	FMR1	Fragile X syndrome	MONDO:0010383;OMIM:300624;Orphanet:908	GenCC	G2P	Definitive	X-linked	MONDO:0010383	fragile X syndrome	OMIM:300624	FRAGILE X SYNDROME; FXS	2016-12-07	G2P
disease_mismatch	FXS_FMR1	FMR1	Fragile X syndrome	MONDO:0010383;OMIM:300624;Orphanet:908	GenCC	G2P	Definitive	X-linked	MONDO:0010706	premature ovarian failure 1	OMIM:311360	PREMATURE OVARIAN FAILURE 1; POF1	2022-08-03	G2P
match	FXS_FMR1	FMR1	Fragile X syndrome	MONDO:0010383;OMIM:300624;Orphanet:908	GenCC	PanelApp Australia	Strong	X-linked	MONDO:0010383	fragile X syndrome	MONDO:0010383	fragile X syndrome	2025-01-17	PanelApp
match	FXS_FMR1	FMR1	Fragile X syndrome	MONDO:0010383;OMIM:300624;Orphanet:908	GenCC	Natera	Definitive	X-linked	MONDO:0010383	fragile X syndrome	MONDO:0010383	fragile X syndrome	2022-12-16	
match	FXTAS,POF1_FMR1	FMR1	Fragile X-associated tremor/ataxia syndrome; premature ovarian failure 1	MONDO:0010382;MONDO:0010706;OMIM:300623;OMIM:311360;Orphanet:642691;Orphanet:93256	GenCC	Ambry Genetics	Strong	X-linked	MONDO:0010706	premature ovarian failure 1	OMIM:311360	PREMATURE OVARIAN FAILURE 1; POF1	2018-01-03	Ambry
disease_mismatch	FXTAS,POF1_FMR1	FMR1	Fragile X-associated tremor/ataxia syndrome; premature ovarian failure 1	MONDO:0010382;MONDO:0010706;OMIM:300623;OMIM:311360;Orphanet:642691;Orphanet:93256	GenCC	Ambry Genetics	Definitive	X-linked	MONDO:0010383	fragile X syndrome	OMIM:300624	FRAGILE X SYNDROME; FXS	2017-12-04	Ambry
match	FXTAS,POF1_FMR1	FMR1	Fragile X-associated tremor/ataxia syndrome; premature ovarian failure 1	MONDO:0010382;MONDO:0010706;OMIM:300623;OMIM:311360;Orphanet:642691;Orphanet:93256	GenCC	Ambry Genetics	Strong	X-linked	MONDO:0010382	fragile X-associated tremor/ataxia syndrome	OMIM:300623	FRAGILE X TREMOR/ATAXIA SYNDROME; FXTAS	2018-01-03	Ambry
disease_mismatch	FXTAS,POF1_FMR1	FMR1	Fragile X-associated tremor/ataxia syndrome; premature ovarian failure 1	MONDO:0010382;MONDO:0010706;OMIM:300623;OMIM:311360;Orphanet:642691;Orphanet:93256	GenCC	ClinGen	Definitive	X-linked	MONDO:0010383	fragile X syndrome	MONDO:0010383	fragile X syndrome	2019-06-03	ClinGen
disease_mismatch	FXTAS,POF1_FMR1	FMR1	Fragile X-associated tremor/ataxia syndrome; premature ovarian failure 1	MONDO:0010382;MONDO:0010706;OMIM:300623;OMIM:311360;Orphanet:642691;Orphanet:93256	GenCC	Labcorp Genetics (formerly Invitae)	Strong	X-linked	MONDO:0010383	fragile X syndrome	OMIM:300624	FRAGILE X SYNDROME; FXS	2023-05-09	Labcorp
match	FXTAS,POF1_FMR1	FMR1	Fragile X-associated tremor/ataxia syndrome; premature ovarian failure 1	MONDO:0010382;MONDO:0010706;OMIM:300623;OMIM:311360;Orphanet:642691;Orphanet:93256	GenCC	Labcorp Genetics (formerly Invitae)	Strong	X-linked	MONDO:0010382	fragile X-associated tremor/ataxia syndrome	OMIM:300623	FRAGILE X TREMOR/ATAXIA SYNDROME; FXTAS	2023-06-13	Labcorp
match	FXTAS,POF1_FMR1	FMR1	Fragile X-associated tremor/ataxia syndrome; premature ovarian failure 1	MONDO:0010382;MONDO:0010706;OMIM:300623;OMIM:311360;Orphanet:642691;Orphanet:93256	GenCC	Labcorp Genetics (formerly Invitae)	Strong	X-linked	MONDO:0010706	premature ovarian failure 1	OMIM:311360	PREMATURE OVARIAN FAILURE 1; POF1	2021-08-31	Labcorp
disease_mismatch	FXTAS,POF1_FMR1	FMR1	Fragile X-associated tremor/ataxia syndrome; premature ovarian failure 1	MONDO:0010382;MONDO:0010706;OMIM:300623;OMIM:311360;Orphanet:642691;Orphanet:93256	GenCC	Myriad Women's Health	Definitive	X-linked	MONDO:0010383	fragile X syndrome	MONDO:0010383	fragile X syndrome	2018-08-17	Myriad
disease_mismatch	FXTAS,POF1_FMR1	FMR1	Fragile X-associated tremor/ataxia syndrome; premature ovarian failure 1	MONDO:0010382;MONDO:0010706;OMIM:300623;OMIM:311360;Orphanet:642691;Orphanet:93256	GenCC	Orphanet	Supportive	X-linked	MONDO:0010383	fragile X syndrome	Orphanet:908	Fragile X syndrome	2021-09-14	Orphanet
match	FXTAS,POF1_FMR1	FMR1	Fragile X-associated tremor/ataxia syndrome; premature ovarian failure 1	MONDO:0010382;MONDO:0010706;OMIM:300623;OMIM:311360;Orphanet:642691;Orphanet:93256	GenCC	Orphanet	Supportive	X-linked	MONDO:0010382	fragile X-associated tremor/ataxia syndrome	Orphanet:93256	Fragile X-associated tremor/ataxia syndrome	2021-09-14	Orphanet
match	FXTAS,POF1_FMR1	FMR1	Fragile X-associated tremor/ataxia syndrome; premature ovarian failure 1	MONDO:0010382;MONDO:0010706;OMIM:300623;OMIM:311360;Orphanet:642691;Orphanet:93256	GenCC	G2P	Definitive	X-linked	MONDO:0010382	fragile X-associated tremor/ataxia syndrome	OMIM:300623	FRAGILE X TREMOR/ATAXIA SYNDROME; FXTAS	2022-08-03	G2P
disease_mismatch	FXTAS,POF1_FMR1	FMR1	Fragile X-associated tremor/ataxia syndrome; premature ovarian failure 1	MONDO:0010382;MONDO:0010706;OMIM:300623;OMIM:311360;Orphanet:642691;Orphanet:93256	GenCC	G2P	Definitive	X-linked	MONDO:0010383	fragile X syndrome	OMIM:300624	FRAGILE X SYNDROME; FXS	2016-12-07	G2P
match	FXTAS,POF1_FMR1	FMR1	Fragile X-associated tremor/ataxia syndrome; premature ovarian failure 1	MONDO:0010382;MONDO:0010706;OMIM:300623;OMIM:311360;Orphanet:642691;Orphanet:93256	GenCC	G2P	Definitive	X-linked	MONDO:0010706	premature ovarian failure 1	OMIM:311360	PREMATURE OVARIAN FAILURE 1; POF1	2022-08-03	G2P
disease_mismatch	FXTAS,POF1_FMR1	FMR1	Fragile X-associated tremor/ataxia syndrome; premature ovarian failure 1	MONDO:0010382;MONDO:0010706;OMIM:300623;OMIM:311360;Orphanet:642691;Orphanet:93256	GenCC	PanelApp Australia	Strong	X-linked	MONDO:0010383	fragile X syndrome	MONDO:0010383	fragile X syndrome	2025-01-17	PanelApp
disease_mismatch	FXTAS,POF1_FMR1	FMR1	Fragile X-associated tremor/ataxia syndrome; premature ovarian failure 1	MONDO:0010382;MONDO:0010706;OMIM:300623;OMIM:311360;Orphanet:642691;Orphanet:93256	GenCC	Natera	Definitive	X-linked	MONDO:0010383	fragile X syndrome	MONDO:0010383	fragile X syndrome	2022-12-16	
disease_mismatch	GDPAG_GLS	GLS	Glutaminase deficiency	MONDO:0600001;OMIM:618412;Orphanet:557056	GenCC	Ambry Genetics	Limited	Autosomal recessive	MONDO:0032678	developmental and epileptic encephalopathy, 71	OMIM:618328	DEVELOPMENTAL AND EPILEPTIC ENCEPHALOPATHY 71; DEE71	2019-01-02	Ambry
match	GDPAG_GLS	GLS	Glutaminase deficiency	MONDO:0600001;OMIM:618412;Orphanet:557056	GenCC	Ambry Genetics	Moderate	Autosomal recessive	MONDO:0600001	glutaminase deficiency	MONDO:0600001	glutaminase deficiency	2023-09-21	Ambry
disease_mismatch	GDPAG_GLS	GLS	Glutaminase deficiency	MONDO:0600001;OMIM:618412;Orphanet:557056	GenCC	Ambry Genetics	Moderate	Autosomal dominant	MONDO:0032685	infantile cataract, skin abnormalities, glutamate excess, and impaired intellectual development	OMIM:618339	CASGID SYNDROME; CASGID	2023-09-21	Ambry
match	GDPAG_GLS	GLS	Glutaminase deficiency	MONDO:0600001;OMIM:618412;Orphanet:557056	GenCC	ClinGen	Definitive	Autosomal recessive	MONDO:0600001	glutaminase deficiency	MONDO:0600001	glutaminase deficiency	2021-07-09	ClinGen
disease_mismatch	GDPAG_GLS	GLS	Glutaminase deficiency	MONDO:0600001;OMIM:618412;Orphanet:557056	GenCC	ClinGen	Limited	Autosomal dominant	MONDO:0032685	infantile cataract, skin abnormalities, glutamate excess, and impaired intellectual development	MONDO:0032685	infantile cataract, skin abnormalities, glutamate excess, and impaired intellectual development	2024-07-26	ClinGen
match	GDPAG_GLS	GLS	Glutaminase deficiency	MONDO:0600001;OMIM:618412;Orphanet:557056	GenCC	Labcorp Genetics (formerly Invitae)	Strong	Autosomal recessive	MONDO:0032733	global developmental delay, progressive ataxia, and elevated glutamine	OMIM:618412	GLOBAL DEVELOPMENTAL DELAY, PROGRESSIVE ATAXIA, AND ELEVATED GLUTAMINE; GDPAG	2021-04-16	Labcorp
disease_mismatch	GDPAG_GLS	GLS	Glutaminase deficiency	MONDO:0600001;OMIM:618412;Orphanet:557056	GenCC	Labcorp Genetics (formerly Invitae)	Limited	Unknown	MONDO:0032685	infantile cataract, skin abnormalities, glutamate excess, and impaired intellectual development	OMIM:618339	CASGID SYNDROME; CASGID	2020-04-09	Labcorp
disease_mismatch	GDPAG_GLS	GLS	Glutaminase deficiency	MONDO:0600001;OMIM:618412;Orphanet:557056	GenCC	PanelApp Australia	Strong	Autosomal dominant	MONDO:0032685	infantile cataract, skin abnormalities, glutamate excess, and impaired intellectual development	OMIM:618339	CASGID SYNDROME; CASGID	2025-01-17	PanelApp
disease_mismatch	GDPAG_GLS	GLS	Glutaminase deficiency	MONDO:0600001;OMIM:618412;Orphanet:557056	GenCC	PanelApp Australia	Strong	Autosomal recessive	MONDO:0032678	developmental and epileptic encephalopathy, 71	OMIM:618328	DEVELOPMENTAL AND EPILEPTIC ENCEPHALOPATHY 71; DEE71	2025-01-17	PanelApp
match	GDPAG_GLS	GLS	Glutaminase deficiency	MONDO:0600001;OMIM:618412;Orphanet:557056	GenCC	PanelApp Australia	Strong	Autosomal recessive	MONDO:0032733	global developmental delay, progressive ataxia, and elevated glutamine	OMIM:618412	GLOBAL DEVELOPMENTAL DELAY, PROGRESSIVE ATAXIA, AND ELEVATED GLUTAMINE; GDPAG	2025-01-17	PanelApp
match	HDL2_JPH3	JPH3	Huntington disease-like 2	MONDO:0011671;OMIM:606438;Orphanet:98934	GenCC	Ambry Genetics	Definitive	Autosomal dominant	MONDO:0011671	Huntington disease-like 2	OMIM:606438	HUNTINGTON DISEASE-LIKE 2; HDL2	2018-08-31	Ambry
match	HDL2_JPH3	JPH3	Huntington disease-like 2	MONDO:0011671;OMIM:606438;Orphanet:98934	GenCC	Labcorp Genetics (formerly Invitae)	Strong	Autosomal dominant	MONDO:0011671	Huntington disease-like 2	OMIM:606438	HUNTINGTON DISEASE-LIKE 2; HDL2	2021-04-16	Labcorp
match	HDL2_JPH3	JPH3	Huntington disease-like 2	MONDO:0011671;OMIM:606438;Orphanet:98934	GenCC	Orphanet	Supportive	Autosomal dominant	MONDO:0011671	Huntington disease-like 2	Orphanet:98934	Huntington disease-like 2	2021-09-14	Orphanet
disease_mismatch	HDL2_JPH3	JPH3	Huntington disease-like 2	MONDO:0011671;OMIM:606438;Orphanet:98934	GenCC	PanelApp Australia	Limited	Autosomal dominant	MONDO:0700092	neurodevelopmental disorder	MONDO:0700092	neurodevelopmental disorder	2025-01-17	PanelApp
disease_mismatch	HDL2_JPH3	JPH3	Huntington disease-like 2	MONDO:0011671;OMIM:606438;Orphanet:98934	GenCC	PanelApp Australia	Moderate	Autosomal recessive	MONDO:0700092	neurodevelopmental disorder	MONDO:0700092	neurodevelopmental disorder	2025-01-17	PanelApp
match	HD_HTT	HTT	Huntington disease	MONDO:0007739;OMIM:143100;Orphanet:399	GenCC	Ambry Genetics	Definitive	Autosomal dominant	MONDO:0007739	Huntington disease	OMIM:143100	HUNTINGTON DISEASE; HD	2016-07-14	Ambry
disease_mismatch	HD_HTT	HTT	Huntington disease	MONDO:0007739;OMIM:143100;Orphanet:399	GenCC	Ambry Genetics	Limited	Autosomal recessive	MONDO:0054573	Lopes-Maciel-Rodan syndrome	OMIM:617435	LOPES-MACIEL-RODAN SYNDROME; LOMARS	2018-03-05	Ambry
match	HD_HTT	HTT	Huntington disease	MONDO:0007739;OMIM:143100;Orphanet:399	GenCC	ClinGen	Definitive	Autosomal dominant	MONDO:0007739	Huntington disease	MONDO:0007739	Huntington disease	2021-11-08	ClinGen
match	HD_HTT	HTT	Huntington disease	MONDO:0007739;OMIM:143100;Orphanet:399	GenCC	Labcorp Genetics (formerly Invitae)	Strong	Autosomal dominant	MONDO:0007739	Huntington disease	OMIM:143100	HUNTINGTON DISEASE; HD	2021-04-16	Labcorp
disease_mismatch	HD_HTT	HTT	Huntington disease	MONDO:0007739;OMIM:143100;Orphanet:399	GenCC	Labcorp Genetics (formerly Invitae)	Strong	Autosomal recessive	MONDO:0054573	Lopes-Maciel-Rodan syndrome	OMIM:617435	LOPES-MACIEL-RODAN SYNDROME; LOMARS	2018-12-15	Labcorp
match	HD_HTT	HTT	Huntington disease	MONDO:0007739;OMIM:143100;Orphanet:399	GenCC	Orphanet	Supportive	Autosomal dominant	MONDO:0007739	Huntington disease	Orphanet:399	Huntington disease	2021-09-14	Orphanet
disease_mismatch	HD_HTT	HTT	Huntington disease	MONDO:0007739;OMIM:143100;Orphanet:399	GenCC	Orphanet	Supportive	Autosomal dominant	MONDO:0016621	juvenile Huntington disease	Orphanet:248111	Juvenile Huntington disease	2021-09-14	Orphanet
match	HFG_HOXA13-I	HOXA13	Hand-foot-genital syndrome 1	MONDO:0007698;OMIM:140000;Orphanet:2438	GenCC	Ambry Genetics	Moderate	Autosomal dominant	MONDO:0007698	hand-foot-genital syndrome	OMIM:140000	HAND-FOOT-GENITAL SYNDROME; HFG	2018-08-31	Ambry
match	HFG_HOXA13-I	HOXA13	Hand-foot-genital syndrome 1	MONDO:0007698;OMIM:140000;Orphanet:2438	GenCC	Labcorp Genetics (formerly Invitae)	Strong	Autosomal dominant	MONDO:0007698	hand-foot-genital syndrome	OMIM:140000	HAND-FOOT-GENITAL SYNDROME; HFG	2023-02-10	Labcorp
match	HFG_HOXA13-I	HOXA13	Hand-foot-genital syndrome 1	MONDO:0007698;OMIM:140000;Orphanet:2438	GenCC	Orphanet	Supportive	Autosomal dominant	MONDO:0007698	hand-foot-genital syndrome	Orphanet:2438	Hand-foot-genital syndrome	2021-09-14	Orphanet
disease_mismatch	HFG_HOXA13-I	HOXA13	Hand-foot-genital syndrome 1	MONDO:0007698;OMIM:140000;Orphanet:2438	GenCC	Orphanet	Supportive	Autosomal dominant	MONDO:0008301	Guttmacher syndrome	Orphanet:2957	Guttmacher syndrome	2021-09-14	Orphanet
match	HFG_HOXA13-I	HOXA13	Hand-foot-genital syndrome 1	MONDO:0007698;OMIM:140000;Orphanet:2438	GenCC	G2P	Definitive	Autosomal dominant	MONDO:0007698	hand-foot-genital syndrome	OMIM:140000	HAND-FOOT-GENITAL SYNDROME; HFG	2023-05-24	G2P
match	HFG_HOXA13-I	HOXA13	Hand-foot-genital syndrome 1	MONDO:0007698;OMIM:140000;Orphanet:2438	GenCC	PanelApp Australia	Strong	Autosomal dominant	MONDO:0007698	hand-foot-genital syndrome	OMIM:140000	HAND-FOOT-GENITAL SYNDROME; HFG	2025-01-17	PanelApp
match	HFG_HOXA13-I	HOXA13	Hand-foot-genital syndrome 1	MONDO:0007698;OMIM:140000;Orphanet:2438	GenCC	ClinGen	Definitive	Autosomal dominant	MONDO:0007698	hand-foot-genital syndrome	MONDO:0007698	hand-foot-genital syndrome	2025-07-22	ClinGen
match	HFG_HOXA13-II	HOXA13	Hand-foot-genital syndrome 2	MONDO:0007698;OMIM:140000;Orphanet:2438	GenCC	Ambry Genetics	Moderate	Autosomal dominant	MONDO:0007698	hand-foot-genital syndrome	OMIM:140000	HAND-FOOT-GENITAL SYNDROME; HFG	2018-08-31	Ambry
match	HFG_HOXA13-II	HOXA13	Hand-foot-genital syndrome 2	MONDO:0007698;OMIM:140000;Orphanet:2438	GenCC	Labcorp Genetics (formerly Invitae)	Strong	Autosomal dominant	MONDO:0007698	hand-foot-genital syndrome	OMIM:140000	HAND-FOOT-GENITAL SYNDROME; HFG	2023-02-10	Labcorp
match	HFG_HOXA13-II	HOXA13	Hand-foot-genital syndrome 2	MONDO:0007698;OMIM:140000;Orphanet:2438	GenCC	Orphanet	Supportive	Autosomal dominant	MONDO:0007698	hand-foot-genital syndrome	Orphanet:2438	Hand-foot-genital syndrome	2021-09-14	Orphanet
disease_mismatch	HFG_HOXA13-II	HOXA13	Hand-foot-genital syndrome 2	MONDO:0007698;OMIM:140000;Orphanet:2438	GenCC	Orphanet	Supportive	Autosomal dominant	MONDO:0008301	Guttmacher syndrome	Orphanet:2957	Guttmacher syndrome	2021-09-14	Orphanet
match	HFG_HOXA13-II	HOXA13	Hand-foot-genital syndrome 2	MONDO:0007698;OMIM:140000;Orphanet:2438	GenCC	G2P	Definitive	Autosomal dominant	MONDO:0007698	hand-foot-genital syndrome	OMIM:140000	HAND-FOOT-GENITAL SYNDROME; HFG	2023-05-24	G2P
match	HFG_HOXA13-II	HOXA13	Hand-foot-genital syndrome 2	MONDO:0007698;OMIM:140000;Orphanet:2438	GenCC	PanelApp Australia	Strong	Autosomal dominant	MONDO:0007698	hand-foot-genital syndrome	OMIM:140000	HAND-FOOT-GENITAL SYNDROME; HFG	2025-01-17	PanelApp
match	HFG_HOXA13-II	HOXA13	Hand-foot-genital syndrome 2	MONDO:0007698;OMIM:140000;Orphanet:2438	GenCC	ClinGen	Definitive	Autosomal dominant	MONDO:0007698	hand-foot-genital syndrome	MONDO:0007698	hand-foot-genital syndrome	2025-07-22	ClinGen
match	HFG_HOXA13-III	HOXA13	Hand-foot-genital syndrome 3	MONDO:0007698;OMIM:140000;Orphanet:2438	GenCC	Ambry Genetics	Moderate	Autosomal dominant	MONDO:0007698	hand-foot-genital syndrome	OMIM:140000	HAND-FOOT-GENITAL SYNDROME; HFG	2018-08-31	Ambry
match	HFG_HOXA13-III	HOXA13	Hand-foot-genital syndrome 3	MONDO:0007698;OMIM:140000;Orphanet:2438	GenCC	Labcorp Genetics (formerly Invitae)	Strong	Autosomal dominant	MONDO:0007698	hand-foot-genital syndrome	OMIM:140000	HAND-FOOT-GENITAL SYNDROME; HFG	2023-02-10	Labcorp
match	HFG_HOXA13-III	HOXA13	Hand-foot-genital syndrome 3	MONDO:0007698;OMIM:140000;Orphanet:2438	GenCC	Orphanet	Supportive	Autosomal dominant	MONDO:0007698	hand-foot-genital syndrome	Orphanet:2438	Hand-foot-genital syndrome	2021-09-14	Orphanet
disease_mismatch	HFG_HOXA13-III	HOXA13	Hand-foot-genital syndrome 3	MONDO:0007698;OMIM:140000;Orphanet:2438	GenCC	Orphanet	Supportive	Autosomal dominant	MONDO:0008301	Guttmacher syndrome	Orphanet:2957	Guttmacher syndrome	2021-09-14	Orphanet
match	HFG_HOXA13-III	HOXA13	Hand-foot-genital syndrome 3	MONDO:0007698;OMIM:140000;Orphanet:2438	GenCC	G2P	Definitive	Autosomal dominant	MONDO:0007698	hand-foot-genital syndrome	OMIM:140000	HAND-FOOT-GENITAL SYNDROME; HFG	2023-05-24	G2P
match	HFG_HOXA13-III	HOXA13	Hand-foot-genital syndrome 3	MONDO:0007698;OMIM:140000;Orphanet:2438	GenCC	PanelApp Australia	Strong	Autosomal dominant	MONDO:0007698	hand-foot-genital syndrome	OMIM:140000	HAND-FOOT-GENITAL SYNDROME; HFG	2025-01-17	PanelApp
match	HFG_HOXA13-III	HOXA13	Hand-foot-genital syndrome 3	MONDO:0007698;OMIM:140000;Orphanet:2438	GenCC	ClinGen	Definitive	Autosomal dominant	MONDO:0007698	hand-foot-genital syndrome	MONDO:0007698	hand-foot-genital syndrome	2025-07-22	ClinGen
match	HMNR7_VWA1	VWA1	Neuronopathy, distal hereditary motor, autosomal recessive 7	MONDO:0030977;OMIM:619216;Orphanet:314485	GenCC	Labcorp Genetics (formerly Invitae)	Strong	Autosomal recessive	MONDO:0030977	neuronopathy, distal hereditary motor, autosomal recessive 7	OMIM:619216	NEURONOPATHY, DISTAL HEREDITARY MOTOR, AUTOSOMAL RECESSIVE 7; HMNR7	2022-09-07	Labcorp
match	HMNR7_VWA1	VWA1	Neuronopathy, distal hereditary motor, autosomal recessive 7	MONDO:0030977;OMIM:619216;Orphanet:314485	GenCC	Orphanet	Supportive	Autosomal recessive	MONDO:0013947	neuronopathy, distal hereditary motor, autosomal recessive 5	Orphanet:314485	Young adult-onset distal hereditary motor neuropathy	2021-09-14	Orphanet
match	HMNR7_VWA1	VWA1	Neuronopathy, distal hereditary motor, autosomal recessive 7	MONDO:0030977;OMIM:619216;Orphanet:314485	GenCC	PanelApp Australia	Strong	Autosomal recessive	MONDO:0030977	neuronopathy, distal hereditary motor, autosomal recessive 7	OMIM:619216	NEURONOPATHY, DISTAL HEREDITARY MOTOR, AUTOSOMAL RECESSIVE 7; HMNR7	2025-01-17	PanelApp
match	HPE5_ZIC2	ZIC2	Holoprosencephaly-5	MONDO:0012322;OMIM:609637;Orphanet:2162	GenCC	Ambry Genetics	Definitive	Autosomal dominant	MONDO:0012322	holoprosencephaly 5	OMIM:609637	HOLOPROSENCEPHALY 5; HPE5	2018-08-31	Ambry
match	HPE5_ZIC2	ZIC2	Holoprosencephaly-5	MONDO:0012322;OMIM:609637;Orphanet:2162	GenCC	Genomics England PanelApp	Strong	Autosomal dominant	MONDO:0012322	holoprosencephaly 5	OMIM:609637	HOLOPROSENCEPHALY 5; HPE5	2021-01-29	PanelApp
match	HPE5_ZIC2	ZIC2	Holoprosencephaly-5	MONDO:0012322;OMIM:609637;Orphanet:2162	GenCC	Labcorp Genetics (formerly Invitae)	Strong	Autosomal dominant	MONDO:0012322	holoprosencephaly 5	OMIM:609637	HOLOPROSENCEPHALY 5; HPE5	2021-05-18	Labcorp
match	HPE5_ZIC2	ZIC2	Holoprosencephaly-5	MONDO:0012322;OMIM:609637;Orphanet:2162	GenCC	G2P	Definitive	Autosomal dominant	MONDO:0012322	holoprosencephaly 5	OMIM:609637	HOLOPROSENCEPHALY 5; HPE5	2015-07-22	G2P
match	HPE5_ZIC2	ZIC2	Holoprosencephaly-5	MONDO:0012322;OMIM:609637;Orphanet:2162	GenCC	PanelApp Australia	Strong	Autosomal dominant	MONDO:0012322	holoprosencephaly 5	OMIM:609637	HOLOPROSENCEPHALY 5; HPE5	2025-01-17	PanelApp
match	HSAN-VIII_PRDM12	PRDM12	Hereditary sensory and autonomic neuropathy type VIII	MONDO:0014662;OMIM:616488;Orphanet:478664	GenCC	Illumina	Definitive	Autosomal recessive	MONDO:0015364	hereditary sensory and autonomic neuropathy	OMIM:616488	NEUROPATHY, HEREDITARY SENSORY AND AUTONOMIC, TYPE VIII; HSAN8	2021-01-22	Illumina
match	HSAN-VIII_PRDM12	PRDM12	Hereditary sensory and autonomic neuropathy type VIII	MONDO:0014662;OMIM:616488;Orphanet:478664	GenCC	Labcorp Genetics (formerly Invitae)	Strong	Autosomal recessive	MONDO:0014662	congenital insensitivity to pain-hypohidrosis syndrome	OMIM:616488	NEUROPATHY, HEREDITARY SENSORY AND AUTONOMIC, TYPE VIII; HSAN8	2023-06-23	Labcorp
match	HSAN-VIII_PRDM12	PRDM12	Hereditary sensory and autonomic neuropathy type VIII	MONDO:0014662;OMIM:616488;Orphanet:478664	GenCC	Orphanet	Supportive	Autosomal recessive	MONDO:0014662	congenital insensitivity to pain-hypohidrosis syndrome	Orphanet:478664	Hereditary sensory and autonomic neuropathy type 8	2021-09-14	Orphanet
match	HSAN-VIII_PRDM12	PRDM12	Hereditary sensory and autonomic neuropathy type VIII	MONDO:0014662;OMIM:616488;Orphanet:478664	GenCC	G2P	Definitive	Autosomal recessive	MONDO:0014662	congenital insensitivity to pain-hypohidrosis syndrome	OMIM:616488	NEUROPATHY, HEREDITARY SENSORY AND AUTONOMIC, TYPE VIII; HSAN8	2016-01-08	G2P
match	HSAN-VIII_PRDM12	PRDM12	Hereditary sensory and autonomic neuropathy type VIII	MONDO:0014662;OMIM:616488;Orphanet:478664	GenCC	PanelApp Australia	Strong	Autosomal recessive	MONDO:0014662	congenital insensitivity to pain-hypohidrosis syndrome	OMIM:616488	NEUROPATHY, HEREDITARY SENSORY AND AUTONOMIC, TYPE VIII; HSAN8	2025-01-17	PanelApp
disease_mismatch	JBS_CBL	CBL	Jacobsen syndrome (FRAX11B fragile site)	MONDO:0007838;OMIM:147791;Orphanet:2308	GenCC	Ambry Genetics	Strong	Autosomal dominant	MONDO:0013308	CBL-related disorder	OMIM:613563	NOONAN SYNDROME-LIKE DISORDER WITH OR WITHOUT JUVENILE MYELOMONOCYTIC LEUKEMIA; NSLL	2023-04-24	Ambry
disease_mismatch	JBS_CBL	CBL	Jacobsen syndrome (FRAX11B fragile site)	MONDO:0007838;OMIM:147791;Orphanet:2308	GenCC	ClinGen	Definitive	Autosomal dominant	MONDO:0013308	CBL-related disorder	MONDO:0013308	CBL-related disorder	2019-04-29	ClinGen
disease_mismatch	JBS_CBL	CBL	Jacobsen syndrome (FRAX11B fragile site)	MONDO:0007838;OMIM:147791;Orphanet:2308	GenCC	Genomics England PanelApp	Strong	Autosomal dominant	MONDO:0013308	CBL-related disorder	OMIM:613563	NOONAN SYNDROME-LIKE DISORDER WITH OR WITHOUT JUVENILE MYELOMONOCYTIC LEUKEMIA; NSLL	2020-10-07	PanelApp
disease_mismatch	JBS_CBL	CBL	Jacobsen syndrome (FRAX11B fragile site)	MONDO:0007838;OMIM:147791;Orphanet:2308	GenCC	Labcorp Genetics (formerly Invitae)	Strong	Autosomal dominant	MONDO:0011908	juvenile myelomonocytic leukemia	OMIM:607785	JUVENILE MYELOMONOCYTIC LEUKEMIA; JMML	2021-04-01	Labcorp
disease_mismatch	JBS_CBL	CBL	Jacobsen syndrome (FRAX11B fragile site)	MONDO:0007838;OMIM:147791;Orphanet:2308	GenCC	Labcorp Genetics (formerly Invitae)	Strong	Autosomal dominant	MONDO:0013308	CBL-related disorder	OMIM:613563	NOONAN SYNDROME-LIKE DISORDER WITH OR WITHOUT JUVENILE MYELOMONOCYTIC LEUKEMIA; NSLL	2022-09-12	Labcorp
disease_mismatch	JBS_CBL	CBL	Jacobsen syndrome (FRAX11B fragile site)	MONDO:0007838;OMIM:147791;Orphanet:2308	GenCC	Orphanet	Supportive	Autosomal dominant	MONDO:0018997	Noonan syndrome	Orphanet:648	Noonan syndrome	2021-09-14	Orphanet
disease_mismatch	JBS_CBL	CBL	Jacobsen syndrome (FRAX11B fragile site)	MONDO:0007838;OMIM:147791;Orphanet:2308	GenCC	Orphanet	Supportive	Autosomal dominant	MONDO:0013308	CBL-related disorder	Orphanet:363972	Noonan syndrome-like disorder with juvenile myelomonocytic leukemia	2021-09-14	Orphanet
disease_mismatch	JBS_CBL	CBL	Jacobsen syndrome (FRAX11B fragile site)	MONDO:0007838;OMIM:147791;Orphanet:2308	GenCC	G2P	Definitive	Autosomal dominant	MONDO:0013308	CBL-related disorder	OMIM:613563	NOONAN SYNDROME-LIKE DISORDER WITH OR WITHOUT JUVENILE MYELOMONOCYTIC LEUKEMIA; NSLL	2025-01-27	G2P
match	MRUPAV_PLIN4	PLIN4	Myopathy with Rimmed Ubiquitin-Positive Autophagic Vacuolation, PLIN4-Related Myopathy	MONDO:0011155;OMIM:601846;Orphanet:696063	GenCC	Ambry Genetics	Moderate	Autosomal dominant	MONDO:0011155	vacuolar Neuromyopathy	OMIM:601846	MYOPATHY WITH RIMMED UBIQUITIN-POSITIVE AUTOPHAGIC VACUOLATION, AUTOSOMAL DOMINANT; MRUPAV	2024-10-11	Ambry
disease_mismatch	NME_NAXE	NAXE	NAXE-related mitochondrial encephalopathy	MONDO:0020781;MONDO:0044970;OMIM:617186;Orphanet:555407	GenCC	ClinGen	Limited	Autosomal recessive	MONDO:0009723	Leigh syndrome	MONDO:0009723	Leigh syndrome	2021-04-09	ClinGen
match	NME_NAXE	NAXE	NAXE-related mitochondrial encephalopathy	MONDO:0020781;MONDO:0044970;OMIM:617186;Orphanet:555407	GenCC	PanelApp Australia	Strong	Autosomal recessive	MONDO:0020781	encephalopathy, progressive, early-onset, with brain edema and/or leukoencephalopathy, 1	OMIM:617186	ENCEPHALOPATHY, PROGRESSIVE, EARLY-ONSET, WITH BRAIN EDEMA AND/OR LEUKOENCEPHALOPATHY, 1; PEBEL1	2025-01-17	PanelApp
match	NME_NAXE	NAXE	NAXE-related mitochondrial encephalopathy	MONDO:0020781;MONDO:0044970;OMIM:617186;Orphanet:555407	GenCC	ClinGen	Definitive	Autosomal recessive	MONDO:0044970	mitochondrial disease	MONDO:0044970	mitochondrial disease	2024-02-22	ClinGen
match	NME_NAXE	NAXE	NAXE-related mitochondrial encephalopathy	MONDO:0020781;MONDO:0044970;OMIM:617186;Orphanet:555407	GenCC	G2P	Strong	Autosomal recessive	MONDO:0020781	encephalopathy, progressive, early-onset, with brain edema and/or leukoencephalopathy, 1	OMIM:617186	ENCEPHALOPATHY, PROGRESSIVE, EARLY-ONSET, WITH BRAIN EDEMA AND/OR LEUKOENCEPHALOPATHY, 1; PEBEL1	2017-02-16	G2P
match	OPDM1_LRP12	LRP12	Oculopharyngodistal myopathy type 1	MONDO:0020793;OMIM:164310;Orphanet:98897	GenCC	Ambry Genetics	Strong	Autosomal dominant	MONDO:0020793	oculopharyngodistal myopathy 1	OMIM:164310	OCULOPHARYNGODISTAL MYOPATHY 1; OPDM1	2023-05-24	Ambry
match	OPDM1_LRP12	LRP12	Oculopharyngodistal myopathy type 1	MONDO:0020793;OMIM:164310;Orphanet:98897	GenCC	ClinGen	Moderate	Autosomal dominant	MONDO:0020793	oculopharyngodistal myopathy 1	MONDO:0020793	oculopharyngodistal myopathy 1	2024-05-14	ClinGen
match	OPDM2_GIPC1	GIPC1	Oculopharyngodistal myopathy type 2	MONDO:0025193;MONDO:0030134;OMIM:618940	GenCC	Labcorp Genetics (formerly Invitae)	Strong	Autosomal dominant	MONDO:0030134	oculopharyngodistal myopathy 2	OMIM:618940	OCULOPHARYNGODISTAL MYOPATHY 2; OPDM2	2021-01-04	Labcorp
match	OPDM2_GIPC1	GIPC1	Oculopharyngodistal myopathy type 2	MONDO:0025193;MONDO:0030134;OMIM:618940	GenCC	Orphanet	Supportive	Autosomal dominant	MONDO:0025193	oculopharyngodistal myopathy	Orphanet:98897	Oculopharyngodistal myopathy	2021-09-14	Orphanet
match	OPDM2_GIPC1	GIPC1	Oculopharyngodistal myopathy type 2	MONDO:0025193;MONDO:0030134;OMIM:618940	GenCC	PanelApp Australia	Limited	Autosomal dominant	MONDO:0030134	oculopharyngodistal myopathy 2	OMIM:618940	OCULOPHARYNGODISTAL MYOPATHY 2; OPDM2	2025-01-17	PanelApp
match	OPDM4_RILPL1	RILPL1	Oculopharyngodistal myopathy type 4	MONDO:0030712;OMIM:619790;Orphanet:98897	GenCC	Ambry Genetics	Limited	Autosomal dominant	MONDO:0030712	oculopharyngodistal myopathy 4	OMIM:619790	OCULOPHARYNGODISTAL MYOPATHY 4; OPDM4	2023-05-24	Ambry
disease_mismatch	OPDM5_ABCD3	ABCD3	Oculopharyngodistal myopathy type 5	MONDO:0025193;Orphanet:98897	GenCC	Ambry Genetics	Limited	Autosomal recessive	MONDO:0014564	congenital bile acid synthesis defect 5	OMIM:616278	BILE ACID SYNTHESIS DEFECT, CONGENITAL, 5; CBAS5	2018-08-30	Ambry
disease_mismatch	OPDM5_ABCD3	ABCD3	Oculopharyngodistal myopathy type 5	MONDO:0025193;Orphanet:98897	GenCC	ClinGen	Limited	Autosomal recessive	MONDO:0014564	congenital bile acid synthesis defect 5	MONDO:0014564	congenital bile acid synthesis defect 5	2025-07-08	ClinGen
disease_mismatch	OPDM5_ABCD3	ABCD3	Oculopharyngodistal myopathy type 5	MONDO:0025193;Orphanet:98897	GenCC	Labcorp Genetics (formerly Invitae)	Limited	Unknown	MONDO:0014564	congenital bile acid synthesis defect 5	OMIM:616278	BILE ACID SYNTHESIS DEFECT, CONGENITAL, 5; CBAS5	2018-12-15	Labcorp
disease_mismatch	OPDM5_ABCD3	ABCD3	Oculopharyngodistal myopathy type 5	MONDO:0025193;Orphanet:98897	GenCC	PanelApp Australia	Moderate	Autosomal recessive	MONDO:0014564	congenital bile acid synthesis defect 5	OMIM:616278	BILE ACID SYNTHESIS DEFECT, CONGENITAL, 5; CBAS5	2025-01-17	PanelApp
match	OPMD_PABPN1	PABPN1	Oculopharyngeal muscular dystrophy	MONDO:0958176;OMIM:164300;Orphanet:270	GenCC	Ambry Genetics	Definitive	Autosomal dominant	MONDO:0008116	oculopharyngeal muscular dystrophy	OMIM:164300	OCULOPHARYNGEAL MUSCULAR DYSTROPHY 1; OPMD1	2018-08-31	Ambry
match	OPMD_PABPN1	PABPN1	Oculopharyngeal muscular dystrophy	MONDO:0958176;OMIM:164300;Orphanet:270	GenCC	Labcorp Genetics (formerly Invitae)	Strong	Autosomal dominant	MONDO:0008116	oculopharyngeal muscular dystrophy	OMIM:164300	OCULOPHARYNGEAL MUSCULAR DYSTROPHY 1; OPMD1	2023-05-09	Labcorp
match	OPMD_PABPN1	PABPN1	Oculopharyngeal muscular dystrophy	MONDO:0958176;OMIM:164300;Orphanet:270	GenCC	Orphanet	Supportive	Autosomal dominant	MONDO:0008116	oculopharyngeal muscular dystrophy	Orphanet:270	Oculopharyngeal muscular dystrophy	2021-09-14	Orphanet
match	OPMD_PABPN1	PABPN1	Oculopharyngeal muscular dystrophy	MONDO:0958176;OMIM:164300;Orphanet:270	GenCC	PanelApp Australia	Strong	Autosomal dominant	MONDO:0958176	oculopharyngeal muscular dystrophy 1	OMIM:164300	OCULOPHARYNGEAL MUSCULAR DYSTROPHY 1; OPMD1	2025-01-17	PanelApp
match	OPMD_PABPN1	PABPN1	Oculopharyngeal muscular dystrophy	MONDO:0958176;OMIM:164300;Orphanet:270	GenCC	PanelApp Australia	Strong	Autosomal recessive	MONDO:0958176	oculopharyngeal muscular dystrophy 1	OMIM:164300	OCULOPHARYNGEAL MUSCULAR DYSTROPHY 1; OPMD1	2025-01-17	PanelApp
disease_mismatch	PRTS_ARX	ARX	Partington syndrome	MONDO:0010654;MONDO:0100148;OMIM:309510;Orphanet:94083	GenCC	Ambry Genetics	Strong	X-linked	MONDO:0010268	X-linked lissencephaly with abnormal genitalia	OMIM:300215	LISSENCEPHALY, X-LINKED, 2; LISX2	2018-08-14	Ambry
disease_mismatch	PRTS_ARX	ARX	Partington syndrome	MONDO:0010654;MONDO:0100148;OMIM:309510;Orphanet:94083	GenCC	Ambry Genetics	Moderate	X-linked	MONDO:0010317	intellectual disability, X-linked, with or without seizures, ARX-related	OMIM:300419	INTELLECTUAL DEVELOPMENTAL DISORDER, X-LINKED 29; XLID29	2018-08-14	Ambry
disease_mismatch	PRTS_ARX	ARX	Partington syndrome	MONDO:0010654;MONDO:0100148;OMIM:309510;Orphanet:94083	GenCC	ClinGen	Definitive	X-linked	MONDO:0100062	genetic developmental and epileptic encephalopathy	MONDO:0100062	genetic developmental and epileptic encephalopathy	2019-06-04	ClinGen
match	PRTS_ARX	ARX	Partington syndrome	MONDO:0010654;MONDO:0100148;OMIM:309510;Orphanet:94083	GenCC	ClinGen	Definitive	X-linked	MONDO:0100148	X-linked complex neurodevelopmental disorder	MONDO:0100148	X-linked complex neurodevelopmental disorder	2020-12-01	ClinGen
disease_mismatch	PRTS_ARX	ARX	Partington syndrome	MONDO:0010654;MONDO:0100148;OMIM:309510;Orphanet:94083	GenCC	Genomics England PanelApp	Moderate	X-linked	MONDO:0010268	X-linked lissencephaly with abnormal genitalia	OMIM:300215	LISSENCEPHALY, X-LINKED, 2; LISX2	2021-01-29	PanelApp
disease_mismatch	PRTS_ARX	ARX	Partington syndrome	MONDO:0010654;MONDO:0100148;OMIM:309510;Orphanet:94083	GenCC	Labcorp Genetics (formerly Invitae)	Strong	X-linked	MONDO:0010268	X-linked lissencephaly with abnormal genitalia	OMIM:300215	LISSENCEPHALY, X-LINKED, 2; LISX2	2020-06-16	Labcorp
disease_mismatch	PRTS_ARX	ARX	Partington syndrome	MONDO:0010654;MONDO:0100148;OMIM:309510;Orphanet:94083	GenCC	Orphanet	Supportive	Autosomal dominant	MONDO:0100062	genetic developmental and epileptic encephalopathy	Orphanet:1934	Early infantile developmental and epileptic encephalopathy	2021-09-14	Orphanet
disease_mismatch	PRTS_ARX	ARX	Partington syndrome	MONDO:0010654;MONDO:0100148;OMIM:309510;Orphanet:94083	GenCC	Orphanet	Supportive	X-linked	MONDO:0010224	corpus callosum agenesis-abnormal genitalia syndrome	Orphanet:2508	Corpus callosum agenesis-abnormal genitalia syndrome	2021-09-14	Orphanet
disease_mismatch	PRTS_ARX	ARX	Partington syndrome	MONDO:0010654;MONDO:0100148;OMIM:309510;Orphanet:94083	GenCC	Orphanet	Supportive	X-linked	MONDO:0017856	X-linked spasticity-intellectual disability-epilepsy syndrome	Orphanet:3175	X-linked spasticity-intellectual disability-epilepsy syndrome	2021-09-14	Orphanet
disease_mismatch	PRTS_ARX	ARX	Partington syndrome	MONDO:0010654;MONDO:0100148;OMIM:309510;Orphanet:94083	GenCC	Orphanet	Supportive	X-linked	MONDO:0019181	non-syndromic X-linked intellectual disability	Orphanet:777	X-linked non-syndromic intellectual disability	2021-09-14	Orphanet
disease_mismatch	PRTS_ARX	ARX	Partington syndrome	MONDO:0010654;MONDO:0100148;OMIM:309510;Orphanet:94083	GenCC	Orphanet	Supportive	X-linked	MONDO:0010268	X-linked lissencephaly with abnormal genitalia	Orphanet:452	X-linked lissencephaly with abnormal genitalia	2021-09-14	Orphanet
match	PRTS_ARX	ARX	Partington syndrome	MONDO:0010654;MONDO:0100148;OMIM:309510;Orphanet:94083	GenCC	Orphanet	Supportive	X-linked	MONDO:0010654	Partington syndrome	Orphanet:94083	Partington syndrome	2021-09-14	Orphanet
disease_mismatch	PRTS_ARX	ARX	Partington syndrome	MONDO:0010654;MONDO:0100148;OMIM:309510;Orphanet:94083	GenCC	Orphanet	Supportive	X-linked	MONDO:0018226	infantile epileptic-dyskinetic encephalopathy	Orphanet:364063	Infantile epileptic-dyskinetic encephalopathy	2021-09-14	Orphanet
match	PRTS_ARX	ARX	Partington syndrome	MONDO:0010654;MONDO:0100148;OMIM:309510;Orphanet:94083	GenCC	G2P	Definitive	X-linked	MONDO:0100148	X-linked complex neurodevelopmental disorder	MONDO:0100148	X-linked complex neurodevelopmental disorder	2025-01-21	G2P
disease_mismatch	PRTS_ARX	ARX	Partington syndrome	MONDO:0010654;MONDO:0100148;OMIM:309510;Orphanet:94083	GenCC	PanelApp Australia	Strong	X-linked	MONDO:0010632	developmental and epileptic encephalopathy, 1	OMIM:308350	DEVELOPMENTAL AND EPILEPTIC ENCEPHALOPATHY 1; DEE1	2025-01-17	PanelApp
disease_mismatch	PRTS_ARX	ARX	Partington syndrome	MONDO:0010654;MONDO:0100148;OMIM:309510;Orphanet:94083	GenCC	PanelApp Australia	Strong	X-linked	MONDO:0700092	neurodevelopmental disorder	MONDO:0700092	neurodevelopmental disorder	2025-01-17	PanelApp
match	RCPS_EIF4A3	EIF4A3	Richieri-Costa-Pereira syndrome	MONDO:0009998;OMIM:268305;Orphanet:3102	GenCC	Ambry Genetics	Moderate	Autosomal recessive	MONDO:0009998	Richieri Costa-Pereira syndrome	OMIM:268305	ROBIN SEQUENCE WITH CLEFT MANDIBLE AND LIMB ANOMALIES	2018-03-16	Ambry
match	RCPS_EIF4A3	EIF4A3	Richieri-Costa-Pereira syndrome	MONDO:0009998;OMIM:268305;Orphanet:3102	GenCC	Labcorp Genetics (formerly Invitae)	Strong	Autosomal recessive	MONDO:0009998	Richieri Costa-Pereira syndrome	OMIM:268305	ROBIN SEQUENCE WITH CLEFT MANDIBLE AND LIMB ANOMALIES	2018-12-15	Labcorp
match	RCPS_EIF4A3	EIF4A3	Richieri-Costa-Pereira syndrome	MONDO:0009998;OMIM:268305;Orphanet:3102	GenCC	Orphanet	Supportive	Autosomal recessive	MONDO:0009998	Richieri Costa-Pereira syndrome	Orphanet:3102	Richieri Costa-Pereira syndrome	2021-09-14	Orphanet
match	RCPS_EIF4A3	EIF4A3	Richieri-Costa-Pereira syndrome	MONDO:0009998;OMIM:268305;Orphanet:3102	GenCC	G2P	Definitive	Autosomal recessive	MONDO:0009998	Richieri Costa-Pereira syndrome	OMIM:268305	ROBIN SEQUENCE WITH CLEFT MANDIBLE AND LIMB ANOMALIES	2023-05-24	G2P
match	RCPS_EIF4A3	EIF4A3	Richieri-Costa-Pereira syndrome	MONDO:0009998;OMIM:268305;Orphanet:3102	GenCC	PanelApp Australia	Strong	Autosomal recessive	MONDO:0009998	Richieri Costa-Pereira syndrome	OMIM:268305	ROBIN SEQUENCE WITH CLEFT MANDIBLE AND LIMB ANOMALIES	2025-01-17	PanelApp
disease_mismatch	SBMA_AR	AR	Spinal and bulbar muscular atrophy, Kennedy Disease	MONDO:0010735;OMIM:313200;Orphanet:481	GenCC	Ambry Genetics	Definitive	X-linked	MONDO:0019154	androgen insensitivity syndrome	OMIM:300068	ANDROGEN INSENSITIVITY SYNDROME; AIS	2023-10-11	Ambry
match	SBMA_AR	AR	Spinal and bulbar muscular atrophy, Kennedy Disease	MONDO:0010735;OMIM:313200;Orphanet:481	GenCC	Ambry Genetics	Strong	X-linked	MONDO:0010735	Kennedy disease	OMIM:313200	SPINAL AND BULBAR MUSCULAR ATROPHY, X-LINKED 1; SMAX1	2023-10-11	Ambry
match	SBMA_AR	AR	Spinal and bulbar muscular atrophy, Kennedy Disease	MONDO:0010735;OMIM:313200;Orphanet:481	GenCC	ClinGen	Definitive	X-linked	MONDO:0010735	Kennedy disease	MONDO:0010735	Kennedy disease	2023-08-08	ClinGen
disease_mismatch	SBMA_AR	AR	Spinal and bulbar muscular atrophy, Kennedy Disease	MONDO:0010735;OMIM:313200;Orphanet:481	GenCC	Genomics England PanelApp	Strong	X-linked	MONDO:0010720	partial androgen insensitivity syndrome	OMIM:312300	ANDROGEN INSENSITIVITY, PARTIAL; PAIS	2021-01-04	PanelApp
disease_mismatch	SBMA_AR	AR	Spinal and bulbar muscular atrophy, Kennedy Disease	MONDO:0010735;OMIM:313200;Orphanet:481	GenCC	Labcorp Genetics (formerly Invitae)	Strong	X-linked	MONDO:0019154	androgen insensitivity syndrome	OMIM:300068	ANDROGEN INSENSITIVITY SYNDROME; AIS	2020-04-09	Labcorp
match	SBMA_AR	AR	Spinal and bulbar muscular atrophy, Kennedy Disease	MONDO:0010735;OMIM:313200;Orphanet:481	GenCC	Labcorp Genetics (formerly Invitae)	Strong	X-linked	MONDO:0010735	Kennedy disease	OMIM:313200	SPINAL AND BULBAR MUSCULAR ATROPHY, X-LINKED 1; SMAX1	2021-04-16	Labcorp
disease_mismatch	SBMA_AR	AR	Spinal and bulbar muscular atrophy, Kennedy Disease	MONDO:0010735;OMIM:313200;Orphanet:481	GenCC	Laboratory for Molecular Medicine	Strong	X-linked	MONDO:0019154	androgen insensitivity syndrome	OMIM:300068	ANDROGEN INSENSITIVITY SYNDROME; AIS	2020-06-01	Lab MM
match	SBMA_AR	AR	Spinal and bulbar muscular atrophy, Kennedy Disease	MONDO:0010735;OMIM:313200;Orphanet:481	GenCC	Orphanet	Supportive	X-linked	MONDO:0010735	Kennedy disease	Orphanet:481	Kennedy disease	2021-09-14	Orphanet
disease_mismatch	SBMA_AR	AR	Spinal and bulbar muscular atrophy, Kennedy Disease	MONDO:0010735;OMIM:313200;Orphanet:481	GenCC	Orphanet	Supportive	X-linked	MONDO:0010720	partial androgen insensitivity syndrome	Orphanet:90797	Partial androgen insensitivity syndrome	2021-09-14	Orphanet
disease_mismatch	SBMA_AR	AR	Spinal and bulbar muscular atrophy, Kennedy Disease	MONDO:0010735;OMIM:313200;Orphanet:481	GenCC	Orphanet	Supportive	X-linked	MONDO:0021023	complete androgen insensitivity syndrome	Orphanet:99429	Complete androgen insensitivity syndrome	2021-09-14	Orphanet
match	SBMA_AR	AR	Spinal and bulbar muscular atrophy, Kennedy Disease	MONDO:0010735;OMIM:313200;Orphanet:481	GenCC	G2P	Definitive	X-linked	MONDO:0010735	Kennedy disease	OMIM:313200	SPINAL AND BULBAR MUSCULAR ATROPHY, X-LINKED 1; SMAX1	2022-08-03	G2P
disease_mismatch	SBMA_AR	AR	Spinal and bulbar muscular atrophy, Kennedy Disease	MONDO:0010735;OMIM:313200;Orphanet:481	GenCC	G2P	Definitive	X-linked	MONDO:0019154	androgen insensitivity syndrome	OMIM:300068	ANDROGEN INSENSITIVITY SYNDROME; AIS	2022-08-03	G2P
disease_mismatch	SBMA_AR	AR	Spinal and bulbar muscular atrophy, Kennedy Disease	MONDO:0010735;OMIM:313200;Orphanet:481	GenCC	PanelApp Australia	Strong	X-linked	MONDO:0019154	androgen insensitivity syndrome	MONDO:0019154	androgen insensitivity syndrome	2025-01-17	PanelApp
match	SBMA_AR	AR	Spinal and bulbar muscular atrophy, Kennedy Disease	MONDO:0010735;OMIM:313200;Orphanet:481	GenCC	PanelApp Australia	Strong	X-linked	MONDO:0010735	Kennedy disease	OMIM:313200	SPINAL AND BULBAR MUSCULAR ATROPHY, X-LINKED 1; SMAX1	2025-01-17	PanelApp
match	SCA10_ATXN10	ATXN10	Spinocerebellar ataxia type 10	MONDO:0011330;OMIM:603516;Orphanet:98761	GenCC	Labcorp Genetics (formerly Invitae)	Strong	Autosomal dominant	MONDO:0011330	spinocerebellar ataxia type 10	OMIM:603516	SPINOCEREBELLAR ATAXIA 10; SCA10	2020-07-15	Labcorp
match	SCA10_ATXN10	ATXN10	Spinocerebellar ataxia type 10	MONDO:0011330;OMIM:603516;Orphanet:98761	GenCC	Orphanet	Supportive	Autosomal dominant	MONDO:0011330	spinocerebellar ataxia type 10	Orphanet:98761	Spinocerebellar ataxia type 10	2021-09-14	Orphanet
match	SCA12_PPP2R2B	PPP2R2B	Spinocerebellar ataxia type 12	MONDO:0011439;OMIM:604326;Orphanet:98762	GenCC	Ambry Genetics	Moderate	Autosomal dominant	MONDO:0011439	spinocerebellar ataxia type 12	OMIM:604326	SPINOCEREBELLAR ATAXIA 12; SCA12	2024-08-19	Ambry
match	SCA12_PPP2R2B	PPP2R2B	Spinocerebellar ataxia type 12	MONDO:0011439;OMIM:604326;Orphanet:98762	GenCC	Labcorp Genetics (formerly Invitae)	Strong	Autosomal dominant	MONDO:0011439	spinocerebellar ataxia type 12	OMIM:604326	SPINOCEREBELLAR ATAXIA 12; SCA12	2021-04-19	Labcorp
match	SCA12_PPP2R2B	PPP2R2B	Spinocerebellar ataxia type 12	MONDO:0011439;OMIM:604326;Orphanet:98762	GenCC	Orphanet	Supportive	Autosomal dominant	MONDO:0011439	spinocerebellar ataxia type 12	Orphanet:98762	Spinocerebellar ataxia type 12	2021-09-14	Orphanet
disease_mismatch	SCA12_PPP2R2B	PPP2R2B	Spinocerebellar ataxia type 12	MONDO:0011439;OMIM:604326;Orphanet:98762	GenCC	PanelApp Australia	Moderate	Autosomal dominant	MONDO:0700092	neurodevelopmental disorder	MONDO:0700092	neurodevelopmental disorder	2025-01-17	PanelApp
match	SCA17_TBP	TBP	Spinocerebellar ataxia type 17	MONDO:0011781;OMIM:607136;Orphanet:98759	GenCC	Ambry Genetics	Strong	Autosomal dominant	MONDO:0011781	spinocerebellar ataxia type 17	OMIM:607136	SPINOCEREBELLAR ATAXIA 17; SCA17	2024-03-14	Ambry
match	SCA17_TBP	TBP	Spinocerebellar ataxia type 17	MONDO:0011781;OMIM:607136;Orphanet:98759	GenCC	Labcorp Genetics (formerly Invitae)	Strong	Autosomal dominant	MONDO:0011781	spinocerebellar ataxia type 17	OMIM:607136	SPINOCEREBELLAR ATAXIA 17; SCA17	2022-10-28	Labcorp
match	SCA17_TBP	TBP	Spinocerebellar ataxia type 17	MONDO:0011781;OMIM:607136;Orphanet:98759	GenCC	Laboratory for Molecular Medicine	Definitive	Autosomal dominant	MONDO:0011781	spinocerebellar ataxia type 17	OMIM:607136	SPINOCEREBELLAR ATAXIA 17; SCA17	2020-04-14	Lab MM
match	SCA17_TBP	TBP	Spinocerebellar ataxia type 17	MONDO:0011781;OMIM:607136;Orphanet:98759	GenCC	Orphanet	Supportive	Autosomal dominant	MONDO:0011781	spinocerebellar ataxia type 17	Orphanet:98759	Spinocerebellar ataxia type 17	2021-09-14	Orphanet
match	SCA1_ATXN1	ATXN1	Spinocerebellar ataxia type 1	MONDO:0008119;OMIM:164400;Orphanet:98755	GenCC	Ambry Genetics	Moderate	Autosomal dominant	MONDO:0008119	spinocerebellar ataxia type 1	OMIM:164400	SPINOCEREBELLAR ATAXIA 1; SCA1	2018-02-20	Ambry
match	SCA1_ATXN1	ATXN1	Spinocerebellar ataxia type 1	MONDO:0008119;OMIM:164400;Orphanet:98755	GenCC	Labcorp Genetics (formerly Invitae)	Strong	Autosomal dominant	MONDO:0008119	spinocerebellar ataxia type 1	OMIM:164400	SPINOCEREBELLAR ATAXIA 1; SCA1	2021-04-16	Labcorp
match	SCA1_ATXN1	ATXN1	Spinocerebellar ataxia type 1	MONDO:0008119;OMIM:164400;Orphanet:98755	GenCC	Orphanet	Supportive	Autosomal dominant	MONDO:0008119	spinocerebellar ataxia type 1	Orphanet:98755	Spinocerebellar ataxia type 1	2021-09-14	Orphanet
match	SCA27B_FGF14	FGF14	Spinocerebellar ataxia 27B	MONDO:0008654;MONDO:0012247;MONDO:0859340;OMIM:620174;Orphanet:675216	GenCC	Ambry Genetics	Moderate	Autosomal dominant	MONDO:0012247	spinocerebellar ataxia type 27	OMIM:609307	MOVED TO 193003	2018-07-30	Ambry
disease_mismatch	SCA27B_FGF14	FGF14	Spinocerebellar ataxia 27B	MONDO:0008654;MONDO:0012247;MONDO:0859340;OMIM:620174;Orphanet:675216	GenCC	Ambry Genetics	Limited	Autosomal recessive	MONDO:0015244	autosomal recessive cerebellar ataxia	MONDO:0015244	autosomal recessive cerebellar ataxia	2024-12-31	Ambry
match	SCA27B_FGF14	FGF14	Spinocerebellar ataxia 27B	MONDO:0008654;MONDO:0012247;MONDO:0859340;OMIM:620174;Orphanet:675216	GenCC	Labcorp Genetics (formerly Invitae)	Strong	Autosomal dominant	MONDO:0008654	spinocerebellar ataxia 27A	OMIM:193003	SPINOCEREBELLAR ATAXIA 27A; SCA27A	2023-07-23	Labcorp
match	SCA27B_FGF14	FGF14	Spinocerebellar ataxia 27B	MONDO:0008654;MONDO:0012247;MONDO:0859340;OMIM:620174;Orphanet:675216	GenCC	Orphanet	Supportive	Autosomal dominant	MONDO:0012247	spinocerebellar ataxia type 27	Orphanet:98764	Spinocerebellar ataxia type 27A	2021-09-14	Orphanet
match	SCA27B_FGF14	FGF14	Spinocerebellar ataxia 27B	MONDO:0008654;MONDO:0012247;MONDO:0859340;OMIM:620174;Orphanet:675216	GenCC	PanelApp Australia	Strong	Autosomal dominant	MONDO:0012247	spinocerebellar ataxia type 27	MONDO:0012247	spinocerebellar ataxia type 27	2025-01-17	PanelApp
match	SCA2_ATXN2	ATXN2	Spinocerebellar ataxia type 2	MONDO:0008458;OMIM:183090;Orphanet:98756	GenCC	Ambry Genetics	Definitive	Autosomal dominant	MONDO:0008458	spinocerebellar ataxia type 2	OMIM:183090	SPINOCEREBELLAR ATAXIA 2; SCA2	2018-08-31	Ambry
match	SCA2_ATXN2	ATXN2	Spinocerebellar ataxia type 2	MONDO:0008458;OMIM:183090;Orphanet:98756	GenCC	ClinGen	Definitive	Autosomal dominant	MONDO:0008458	spinocerebellar ataxia type 2	MONDO:0008458	spinocerebellar ataxia type 2	2024-02-13	ClinGen
match	SCA2_ATXN2	ATXN2	Spinocerebellar ataxia type 2	MONDO:0008458;OMIM:183090;Orphanet:98756	GenCC	Labcorp Genetics (formerly Invitae)	Strong	Autosomal dominant	MONDO:0008458	spinocerebellar ataxia type 2	OMIM:183090	SPINOCEREBELLAR ATAXIA 2; SCA2	2021-12-13	Labcorp
match	SCA2_ATXN2	ATXN2	Spinocerebellar ataxia type 2	MONDO:0008458;OMIM:183090;Orphanet:98756	GenCC	Orphanet	Supportive	Autosomal dominant	MONDO:0008458	spinocerebellar ataxia type 2	Orphanet:98756	Spinocerebellar ataxia type 2	2021-09-14	Orphanet
match	SCA31_BEAN1	BEAN1	Spinocerebellar ataxia type 31	MONDO:0007296;OMIM:117210;Orphanet:217012	GenCC	Ambry Genetics	Limited	Unknown	MONDO:0007296	spinocerebellar ataxia type 31	MONDO:0007296	spinocerebellar ataxia type 31	2018-08-31	Ambry
match	SCA31_BEAN1	BEAN1	Spinocerebellar ataxia type 31	MONDO:0007296;OMIM:117210;Orphanet:217012	GenCC	Labcorp Genetics (formerly Invitae)	Strong	Autosomal dominant	MONDO:0007296	spinocerebellar ataxia type 31	OMIM:117210	SPINOCEREBELLAR ATAXIA 31; SCA31	2021-04-16	Labcorp
match	SCA31_BEAN1	BEAN1	Spinocerebellar ataxia type 31	MONDO:0007296;OMIM:117210;Orphanet:217012	GenCC	Orphanet	Supportive	Autosomal dominant	MONDO:0007296	spinocerebellar ataxia type 31	Orphanet:217012	Spinocerebellar ataxia type 31	2021-09-14	Orphanet
match	SCA36_NOP56	NOP56	Spinocerebellar ataxia type 36	MONDO:0013594;OMIM:614153;Orphanet:276198	GenCC	Ambry Genetics	Definitive	Autosomal dominant	MONDO:0013594	spinocerebellar ataxia type 36	OMIM:614153	SPINOCEREBELLAR ATAXIA 36; SCA36	2020-03-04	Ambry
match	SCA36_NOP56	NOP56	Spinocerebellar ataxia type 36	MONDO:0013594;OMIM:614153;Orphanet:276198	GenCC	Labcorp Genetics (formerly Invitae)	Strong	Autosomal dominant	MONDO:0013594	spinocerebellar ataxia type 36	OMIM:614153	SPINOCEREBELLAR ATAXIA 36; SCA36	2021-04-19	Labcorp
match	SCA36_NOP56	NOP56	Spinocerebellar ataxia type 36	MONDO:0013594;OMIM:614153;Orphanet:276198	GenCC	Orphanet	Supportive	Autosomal dominant	MONDO:0013594	spinocerebellar ataxia type 36	Orphanet:276198	Spinocerebellar ataxia type 36	2021-09-14	Orphanet
match	SCA37_DAB1	DAB1	Spinocerebellar ataxia type 37	MONDO:0014410;OMIM:615945;Orphanet:363710	GenCC	Labcorp Genetics (formerly Invitae)	Limited	Autosomal dominant	MONDO:0014410	spinocerebellar ataxia type 37	OMIM:615945	SPINOCEREBELLAR ATAXIA 37; SCA37	2021-05-07	Labcorp
match	SCA37_DAB1	DAB1	Spinocerebellar ataxia type 37	MONDO:0014410;OMIM:615945;Orphanet:363710	GenCC	Orphanet	Supportive	Autosomal dominant	MONDO:0014410	spinocerebellar ataxia type 37	Orphanet:363710	Spinocerebellar ataxia type 37	2021-09-14	Orphanet
disease_mismatch	SCA37_DAB1	DAB1	Spinocerebellar ataxia type 37	MONDO:0014410;OMIM:615945;Orphanet:363710	GenCC	PanelApp Australia	Limited	Autosomal recessive	MONDO:0700092	neurodevelopmental disorder	MONDO:0700092	neurodevelopmental disorder	2025-01-17	PanelApp
match	SCA37_DAB1	DAB1	Spinocerebellar ataxia type 37	MONDO:0014410;OMIM:615945;Orphanet:363710	GenCC	PanelApp Australia	Strong	Autosomal dominant	MONDO:0014410	spinocerebellar ataxia type 37	OMIM:615945	SPINOCEREBELLAR ATAXIA 37; SCA37	2025-01-17	PanelApp
match	SCA3_ATXN3	ATXN3	Spinocerebellar ataxia type 3/Machado-Joseph disease	MONDO:0007182;MONDO:0017174;MONDO:0017175;MONDO:0017176;OMIM:109150;Orphanet:98757	GenCC	Ambry Genetics	Strong	Autosomal dominant	MONDO:0007182	Machado-Joseph disease	OMIM:109150	MACHADO-JOSEPH DISEASE; MJD	2018-06-29	Ambry
match	SCA3_ATXN3	ATXN3	Spinocerebellar ataxia type 3/Machado-Joseph disease	MONDO:0007182;MONDO:0017174;MONDO:0017175;MONDO:0017176;OMIM:109150;Orphanet:98757	GenCC	Labcorp Genetics (formerly Invitae)	Strong	Autosomal dominant	MONDO:0007182	Machado-Joseph disease	OMIM:109150	MACHADO-JOSEPH DISEASE; MJD	2021-04-19	Labcorp
match	SCA3_ATXN3	ATXN3	Spinocerebellar ataxia type 3/Machado-Joseph disease	MONDO:0007182;MONDO:0017174;MONDO:0017175;MONDO:0017176;OMIM:109150;Orphanet:98757	GenCC	Laboratory for Molecular Medicine	Definitive	Autosomal dominant	MONDO:0007182	Machado-Joseph disease	OMIM:109150	MACHADO-JOSEPH DISEASE; MJD	2020-04-22	Lab MM
match	SCA3_ATXN3	ATXN3	Spinocerebellar ataxia type 3/Machado-Joseph disease	MONDO:0007182;MONDO:0017174;MONDO:0017175;MONDO:0017176;OMIM:109150;Orphanet:98757	GenCC	Orphanet	Supportive	Autosomal dominant	MONDO:0017174	Machado-Joseph disease type 1	Orphanet:276238	Machado-Joseph disease type 1	2021-09-14	Orphanet
match	SCA3_ATXN3	ATXN3	Spinocerebellar ataxia type 3/Machado-Joseph disease	MONDO:0007182;MONDO:0017174;MONDO:0017175;MONDO:0017176;OMIM:109150;Orphanet:98757	GenCC	Orphanet	Supportive	Autosomal dominant	MONDO:0017175	Machado-Joseph disease type 2	Orphanet:276241	Machado-Joseph disease type 2	2021-09-14	Orphanet
match	SCA3_ATXN3	ATXN3	Spinocerebellar ataxia type 3/Machado-Joseph disease	MONDO:0007182;MONDO:0017174;MONDO:0017175;MONDO:0017176;OMIM:109150;Orphanet:98757	GenCC	Orphanet	Supportive	Autosomal dominant	MONDO:0017176	Machado-Joseph disease type 3	Orphanet:276244	Machado-Joseph disease type 3	2021-09-14	Orphanet
disease_mismatch	SCA4_ZFHX3	ZFHX3	Spinocerebellar ataxia 4	MONDO:0010847;OMIM:600223;Orphanet:98765	GenCC	Ambry Genetics	Definitive	Autosomal dominant	MONDO:0100038	complex neurodevelopmental disorder	MONDO:0100038	complex neurodevelopmental disorder	2024-04-23	Ambry
disease_mismatch	SCA4_ZFHX3	ZFHX3	Spinocerebellar ataxia 4	MONDO:0010847;OMIM:600223;Orphanet:98765	GenCC	Ambry Genetics	Limited	Autosomal recessive	MONDO:0005027	epilepsy	MONDO:0005027	epilepsy	2024-05-01	Ambry
match	SCA4_ZFHX3	ZFHX3	Spinocerebellar ataxia 4	MONDO:0010847;OMIM:600223;Orphanet:98765	GenCC	Ambry Genetics	Moderate	Autosomal dominant	MONDO:0010847	spinocerebellar ataxia type 4	OMIM:600223	SPINOCEREBELLAR ATAXIA 4; SCA4	2024-09-06	Ambry
disease_mismatch	SCA4_ZFHX3	ZFHX3	Spinocerebellar ataxia 4	MONDO:0010847;OMIM:600223;Orphanet:98765	GenCC	Broad Center for Mendelian Genomics	Strong	Autosomal dominant	MONDO:0800439	syndromic complex neurodevelopmental disorder	MONDO:0800439	syndromic complex neurodevelopmental disorder	2024-04-01	
disease_mismatch	SCA4_ZFHX3	ZFHX3	Spinocerebellar ataxia 4	MONDO:0010847;OMIM:600223;Orphanet:98765	GenCC	PanelApp Australia	Strong	Autosomal dominant	MONDO:0700092	neurodevelopmental disorder	MONDO:0700092	neurodevelopmental disorder	2025-01-17	PanelApp
disease_mismatch	SCA4_ZFHX3	ZFHX3	Spinocerebellar ataxia 4	MONDO:0010847;OMIM:600223;Orphanet:98765	GenCC	PanelApp Australia	Strong	Autosomal recessive	MONDO:0100062	genetic developmental and epileptic encephalopathy	MONDO:0100062	genetic developmental and epileptic encephalopathy	2025-01-17	PanelApp
match	SCA4_ZFHX3	ZFHX3	Spinocerebellar ataxia 4	MONDO:0010847;OMIM:600223;Orphanet:98765	GenCC	PanelApp Australia	Strong	Autosomal dominant	MONDO:0010847	spinocerebellar ataxia type 4	OMIM:600223	SPINOCEREBELLAR ATAXIA 4; SCA4	2025-01-17	PanelApp
disease_mismatch	SCA51_THAP11	THAP11	Spinocerebellar ataxia 51	OMIM:620947	GenCC	ClinGen	Limited	Autosomal recessive	MONDO:0016826	methylmalonic aciduria and homocystinuria	MONDO:0016826	methylmalonic aciduria and homocystinuria	2024-02-09	ClinGen
disease_mismatch	SCA51_THAP11	THAP11	Spinocerebellar ataxia 51	OMIM:620947	GenCC	PanelApp Australia	Limited	Autosomal recessive	MONDO:0019220	inborn disorder of cobalamin metabolism and transport	MONDO:0019220	inborn disorder of cobalamin metabolism and transport	2025-01-17	PanelApp
match	SCA6_CACNA1A	CACNA1A	Spinocerebellar ataxia type 6	MONDO:0008457;OMIM:183086;Orphanet:98758	GenCC	Ambry Genetics	Strong	Autosomal dominant	MONDO:0008457	spinocerebellar ataxia type 6	OMIM:183086	SPINOCEREBELLAR ATAXIA 6; SCA6	2018-06-26	Ambry
disease_mismatch	SCA6_CACNA1A	CACNA1A	Spinocerebellar ataxia type 6	MONDO:0008457;OMIM:183086;Orphanet:98758	GenCC	Ambry Genetics	Definitive	Autosomal dominant	MONDO:0007163	episodic ataxia type 2	OMIM:108500	EPISODIC ATAXIA, TYPE 2; EA2	2018-06-26	Ambry
disease_mismatch	SCA6_CACNA1A	CACNA1A	Spinocerebellar ataxia type 6	MONDO:0008457;OMIM:183086;Orphanet:98758	GenCC	Ambry Genetics	Moderate	Autosomal dominant	MONDO:0014917	developmental and epileptic encephalopathy, 42	OMIM:617106	DEVELOPMENTAL AND EPILEPTIC ENCEPHALOPATHY 42A; DEE42A	2018-06-26	Ambry
disease_mismatch	SCA6_CACNA1A	CACNA1A	Spinocerebellar ataxia type 6	MONDO:0008457;OMIM:183086;Orphanet:98758	GenCC	Ambry Genetics	Strong	Autosomal dominant	MONDO:0020756	migraine, familial hemiplegic, 1	OMIM:141500	MIGRAINE, FAMILIAL HEMIPLEGIC, 1; FHM1	2017-08-22	Ambry
disease_mismatch	SCA6_CACNA1A	CACNA1A	Spinocerebellar ataxia type 6	MONDO:0008457;OMIM:183086;Orphanet:98758	GenCC	Genomics England PanelApp	Strong	Autosomal dominant	MONDO:0020756	migraine, familial hemiplegic, 1	OMIM:141500	MIGRAINE, FAMILIAL HEMIPLEGIC, 1; FHM1	2021-02-18	PanelApp
disease_mismatch	SCA6_CACNA1A	CACNA1A	Spinocerebellar ataxia type 6	MONDO:0008457;OMIM:183086;Orphanet:98758	GenCC	Genomics England PanelApp	Strong	Autosomal dominant	MONDO:0007163	episodic ataxia type 2	OMIM:108500	EPISODIC ATAXIA, TYPE 2; EA2	2021-02-18	PanelApp
match	SCA6_CACNA1A	CACNA1A	Spinocerebellar ataxia type 6	MONDO:0008457;OMIM:183086;Orphanet:98758	GenCC	Genomics England PanelApp	Strong	Autosomal dominant	MONDO:0008457	spinocerebellar ataxia type 6	OMIM:183086	SPINOCEREBELLAR ATAXIA 6; SCA6	2021-02-18	PanelApp
disease_mismatch	SCA6_CACNA1A	CACNA1A	Spinocerebellar ataxia type 6	MONDO:0008457;OMIM:183086;Orphanet:98758	GenCC	Illumina	Definitive	Autosomal dominant	MONDO:0018614	undetermined early-onset epileptic encephalopathy	OMIM:617106	DEVELOPMENTAL AND EPILEPTIC ENCEPHALOPATHY 42A; DEE42A	2021-08-03	Illumina
disease_mismatch	SCA6_CACNA1A	CACNA1A	Spinocerebellar ataxia type 6	MONDO:0008457;OMIM:183086;Orphanet:98758	GenCC	Labcorp Genetics (formerly Invitae)	Strong	Autosomal dominant	MONDO:0007163	episodic ataxia type 2	OMIM:108500	EPISODIC ATAXIA, TYPE 2; EA2	2023-11-01	Labcorp
disease_mismatch	SCA6_CACNA1A	CACNA1A	Spinocerebellar ataxia type 6	MONDO:0008457;OMIM:183086;Orphanet:98758	GenCC	Labcorp Genetics (formerly Invitae)	Strong	Autosomal dominant	MONDO:0014917	developmental and epileptic encephalopathy, 42	OMIM:617106	DEVELOPMENTAL AND EPILEPTIC ENCEPHALOPATHY 42A; DEE42A	2023-06-29	Labcorp
disease_mismatch	SCA6_CACNA1A	CACNA1A	Spinocerebellar ataxia type 6	MONDO:0008457;OMIM:183086;Orphanet:98758	GenCC	Labcorp Genetics (formerly Invitae)	Strong	Autosomal dominant	MONDO:0020756	migraine, familial hemiplegic, 1	OMIM:141500	MIGRAINE, FAMILIAL HEMIPLEGIC, 1; FHM1	2023-08-17	Labcorp
match	SCA6_CACNA1A	CACNA1A	Spinocerebellar ataxia type 6	MONDO:0008457;OMIM:183086;Orphanet:98758	GenCC	Labcorp Genetics (formerly Invitae)	Strong	Autosomal dominant	MONDO:0008457	spinocerebellar ataxia type 6	OMIM:183086	SPINOCEREBELLAR ATAXIA 6; SCA6	2021-10-18	Labcorp
disease_mismatch	SCA6_CACNA1A	CACNA1A	Spinocerebellar ataxia type 6	MONDO:0008457;OMIM:183086;Orphanet:98758	GenCC	Orphanet	Supportive	Autosomal dominant	MONDO:0007163	episodic ataxia type 2	Orphanet:97	Familial paroxysmal ataxia	2021-09-14	Orphanet
disease_mismatch	SCA6_CACNA1A	CACNA1A	Spinocerebellar ataxia type 6	MONDO:0008457;OMIM:183086;Orphanet:98758	GenCC	Orphanet	Supportive	Autosomal dominant	MONDO:0016532	Lennox-Gastaut syndrome	Orphanet:2382	Lennox-Gastaut syndrome	2021-09-14	Orphanet
disease_mismatch	SCA6_CACNA1A	CACNA1A	Spinocerebellar ataxia type 6	MONDO:0008457;OMIM:183086;Orphanet:98758	GenCC	Orphanet	Supportive	Autosomal dominant	MONDO:0018925	familial or sporadic hemiplegic migraine	Orphanet:569	Familial or sporadic hemiplegic migraine	2021-09-14	Orphanet
disease_mismatch	SCA6_CACNA1A	CACNA1A	Spinocerebellar ataxia type 6	MONDO:0008457;OMIM:183086;Orphanet:98758	GenCC	Orphanet	Supportive	Autosomal dominant	MONDO:0019113	benign paroxysmal torticollis of infancy	Orphanet:71518	Benign paroxysmal torticollis of infancy	2021-09-14	Orphanet
match	SCA6_CACNA1A	CACNA1A	Spinocerebellar ataxia type 6	MONDO:0008457;OMIM:183086;Orphanet:98758	GenCC	Orphanet	Supportive	Autosomal dominant	MONDO:0008457	spinocerebellar ataxia type 6	Orphanet:98758	Spinocerebellar ataxia type 6	2021-09-14	Orphanet
disease_mismatch	SCA6_CACNA1A	CACNA1A	Spinocerebellar ataxia type 6	MONDO:0008457;OMIM:183086;Orphanet:98758	GenCC	Orphanet	Supportive	Autosomal dominant	MONDO:0018614	undetermined early-onset epileptic encephalopathy	Orphanet:442835	Non-specific early-onset epileptic encephalopathy	2021-09-14	Orphanet
disease_mismatch	SCA6_CACNA1A	CACNA1A	Spinocerebellar ataxia type 6	MONDO:0008457;OMIM:183086;Orphanet:98758	GenCC	G2P	Strong	Autosomal dominant	MONDO:0014917	developmental and epileptic encephalopathy, 42	OMIM:617106	DEVELOPMENTAL AND EPILEPTIC ENCEPHALOPATHY 42A; DEE42A	2025-01-27	G2P
match	SCA7_ATXN7	ATXN7	Spinocerebellar ataxia type 7	MONDO:0016163;OMIM:164500;Orphanet:94147	GenCC	Ambry Genetics	Moderate	Autosomal dominant	MONDO:0008120	spinocerebellar ataxia type 7	OMIM:164500	SPINOCEREBELLAR ATAXIA 7; SCA7	2018-02-20	Ambry
match	SCA7_ATXN7	ATXN7	Spinocerebellar ataxia type 7	MONDO:0016163;OMIM:164500;Orphanet:94147	GenCC	Labcorp Genetics (formerly Invitae)	Strong	Autosomal dominant	MONDO:0016163	spinocerebellar ataxia 7	OMIM:164500	SPINOCEREBELLAR ATAXIA 7; SCA7	2021-04-16	Labcorp
match	SCA7_ATXN7	ATXN7	Spinocerebellar ataxia type 7	MONDO:0016163;OMIM:164500;Orphanet:94147	GenCC	Orphanet	Supportive	Autosomal dominant	MONDO:0008120	spinocerebellar ataxia type 7	Orphanet:94147	Spinocerebellar ataxia type 7	2021-09-14	Orphanet
match	SCA7_ATXN7	ATXN7	Spinocerebellar ataxia type 7	MONDO:0016163;OMIM:164500;Orphanet:94147	GenCC	G2P	Definitive	Autosomal dominant	MONDO:0016163	spinocerebellar ataxia 7	OMIM:164500	SPINOCEREBELLAR ATAXIA 7; SCA7	2017-08-14	G2P
match	SCA8_ATXN8OS	ATXN8	Spinocerebellar ataxia type 8	MONDO:0012116;OMIM:608768;Orphanet:98760	GenCC	Ambry Genetics	Moderate	Autosomal dominant	MONDO:0012116	spinocerebellar ataxia type 8	OMIM:608768	SPINOCEREBELLAR ATAXIA 8; SCA8	2023-07-27	Ambry
match	SCA8_ATXN8OS	ATXN8	Spinocerebellar ataxia type 8	MONDO:0012116;OMIM:608768;Orphanet:98760	GenCC	Orphanet	Supportive	Autosomal dominant	MONDO:0012116	spinocerebellar ataxia type 8	Orphanet:98760	Spinocerebellar ataxia type 8	2021-09-14	Orphanet
match	SCA8_ATXN8OS	ATXN8OS	Spinocerebellar ataxia type 8	MONDO:0012116;OMIM:608768;Orphanet:98760	GenCC	Ambry Genetics	Moderate	Autosomal dominant	MONDO:0012116	spinocerebellar ataxia type 8	OMIM:608768	SPINOCEREBELLAR ATAXIA 8; SCA8	2023-07-26	Ambry
match	SD5_HOXD13	HOXD13	Syndactyly	MONDO:0008513;OMIM:186000;Orphanet:295195	GenCC	Labcorp Genetics (formerly Invitae)	Strong	Autosomal dominant	MONDO:0008513	synpolydactyly type 1	OMIM:186000	SYNPOLYDACTYLY 1; SPD1	2022-09-09	Labcorp
disease_mismatch	SD5_HOXD13	HOXD13	Syndactyly	MONDO:0008513;OMIM:186000;Orphanet:295195	GenCC	Laboratory for Molecular Medicine	Strong	Autosomal dominant	MONDO:0012544	brachydactyly-syndactyly syndrome	OMIM:610713	BRACHYDACTYLY-SYNDACTYLY SYNDROME; BDSD	2020-06-01	Lab MM
disease_mismatch	SD5_HOXD13	HOXD13	Syndactyly	MONDO:0008513;OMIM:186000;Orphanet:295195	GenCC	Orphanet	Supportive	Autosomal dominant	MONDO:0019677	brachydactyly type E	Orphanet:93387	Brachydactyly type E	2021-09-14	Orphanet
disease_mismatch	SD5_HOXD13	HOXD13	Syndactyly	MONDO:0008513;OMIM:186000;Orphanet:295195	GenCC	Orphanet	Supportive	Autosomal dominant	MONDO:0008516	syndactyly type 5	Orphanet:93406	Syndactyly type 5	2021-09-14	Orphanet
disease_mismatch	SD5_HOXD13	HOXD13	Syndactyly	MONDO:0008513;OMIM:186000;Orphanet:295195	GenCC	Orphanet	Supportive	Autosomal dominant	MONDO:0012544	brachydactyly-syndactyly syndrome	Orphanet:93409	Brachydactyly-syndactyly, Zhao type	2021-09-14	Orphanet
match	SD5_HOXD13	HOXD13	Syndactyly	MONDO:0008513;OMIM:186000;Orphanet:295195	GenCC	Orphanet	Supportive	Autosomal dominant	MONDO:0008513	synpolydactyly type 1	Orphanet:295195	Synpolydactyly type 1	2021-09-14	Orphanet
disease_mismatch	SD5_HOXD13	HOXD13	Syndactyly	MONDO:0008513;OMIM:186000;Orphanet:295195	GenCC	G2P	Definitive	Autosomal dominant	MONDO:0012544	brachydactyly-syndactyly syndrome	OMIM:610713	BRACHYDACTYLY-SYNDACTYLY SYNDROME; BDSD	2023-05-24	G2P
disease_mismatch	SD5_HOXD13	HOXD13	Syndactyly	MONDO:0008513;OMIM:186000;Orphanet:295195	GenCC	PanelApp Australia	Strong	Autosomal dominant	MONDO:0007222	brachydactyly type D	OMIM:113200	BRACHYDACTYLY, TYPE D; BDD	2025-01-17	PanelApp
disease_mismatch	SD5_HOXD13	HOXD13	Syndactyly	MONDO:0008513;OMIM:186000;Orphanet:295195	GenCC	PanelApp Australia	Strong	Autosomal dominant	MONDO:0007223	brachydactyly type E1	OMIM:113300	BRACHYDACTYLY, TYPE E1; BDE1	2025-01-17	PanelApp
disease_mismatch	SD5_HOXD13	HOXD13	Syndactyly	MONDO:0008513;OMIM:186000;Orphanet:295195	GenCC	PanelApp Australia	Strong	Autosomal dominant	MONDO:0008516	syndactyly type 5	OMIM:186300	SYNDACTYLY, TYPE V; SDTY5	2025-01-17	PanelApp
match	SD5_HOXD13	HOXD13	Syndactyly	MONDO:0008513;OMIM:186000;Orphanet:295195	GenCC	PanelApp Australia	Strong	Autosomal dominant	MONDO:0008513	synpolydactyly type 1	OMIM:186000	SYNPOLYDACTYLY 1; SPD1	2025-01-17	PanelApp
disease_mismatch	TOF_TBX1	TBX1	Tetralogy of Fallot	MONDO:0008542;MONDO:0016581;OMIM:187500;OMIM:217095;Orphanet:3303	GenCC	Ambry Genetics	Strong	Autosomal dominant	MONDO:0008644	velocardiofacial syndrome	OMIM:192430	VELOCARDIOFACIAL SYNDROME; VCFS	2018-08-29	Ambry
match	TOF_TBX1	TBX1	Tetralogy of Fallot	MONDO:0008542;MONDO:0016581;OMIM:187500;OMIM:217095;Orphanet:3303	GenCC	Ambry Genetics	Definitive	Autosomal dominant	MONDO:0016581	conotruncal heart malformations	OMIM:217095	CONOTRUNCAL HEART MALFORMATIONS; CTHM	2018-08-29	Ambry
match	TOF_TBX1	TBX1	Tetralogy of Fallot	MONDO:0008542;MONDO:0016581;OMIM:187500;OMIM:217095;Orphanet:3303	GenCC	Labcorp Genetics (formerly Invitae)	Strong	Autosomal dominant	MONDO:0016581	conotruncal heart malformations	OMIM:217095	CONOTRUNCAL HEART MALFORMATIONS; CTHM	2021-08-20	Labcorp
disease_mismatch	TOF_TBX1	TBX1	Tetralogy of Fallot	MONDO:0008542;MONDO:0016581;OMIM:187500;OMIM:217095;Orphanet:3303	GenCC	Orphanet	Supportive	Autosomal dominant	MONDO:0018923	22q11.2 deletion syndrome	Orphanet:567	22q11.2 deletion syndrome	2021-09-14	Orphanet
disease_mismatch	TOF_TBX1	TBX1	Tetralogy of Fallot	MONDO:0008542;MONDO:0016581;OMIM:187500;OMIM:217095;Orphanet:3303	GenCC	PanelApp Australia	Strong	Autosomal dominant	MONDO:0008564	DiGeorge syndrome	OMIM:188400	DIGEORGE SYNDROME; DGS	2025-01-17	PanelApp
disease_mismatch	TOF_TBX1	TBX1	Tetralogy of Fallot	MONDO:0008542;MONDO:0016581;OMIM:187500;OMIM:217095;Orphanet:3303	GenCC	G2P	Definitive	Autosomal dominant	MONDO:0008564	DiGeorge syndrome	OMIM:188400	DIGEORGE SYNDROME; DGS	2015-07-22	G2P
disease_mismatch	VACTERLX_ZIC3	ZIC3	X-linked VACTERL syndrome	MONDO:0010752;OMIM:314390	GenCC	Ambry Genetics	Moderate	X-linked	MONDO:0010607	heterotaxy, visceral, 1, X-linked	OMIM:306955	HETEROTAXY, VISCERAL, 1, X-LINKED; HTX1	2018-08-31	Ambry
match	VACTERLX_ZIC3	ZIC3	X-linked VACTERL syndrome	MONDO:0010752;OMIM:314390	GenCC	Ambry Genetics	Moderate	X-linked	MONDO:0010752	VACTERL association, X-linked, with or without hydrocephalus	OMIM:314390	VACTERL ASSOCIATION, X-LINKED, WITH OR WITHOUT HYDROCEPHALUS; VACTERLX	2018-08-31	Ambry
match	VACTERLX_ZIC3	ZIC3	X-linked VACTERL syndrome	MONDO:0010752;OMIM:314390	GenCC	Genomics England PanelApp	Strong	X-linked	MONDO:0010752	VACTERL association, X-linked, with or without hydrocephalus	OMIM:314390	VACTERL ASSOCIATION, X-LINKED, WITH OR WITHOUT HYDROCEPHALUS; VACTERLX	2021-01-29	PanelApp
disease_mismatch	VACTERLX_ZIC3	ZIC3	X-linked VACTERL syndrome	MONDO:0010752;OMIM:314390	GenCC	Labcorp Genetics (formerly Invitae)	Strong	X-linked	MONDO:0010607	heterotaxy, visceral, 1, X-linked	OMIM:306955	HETEROTAXY, VISCERAL, 1, X-LINKED; HTX1	2023-03-20	Labcorp
match	VACTERLX_ZIC3	ZIC3	X-linked VACTERL syndrome	MONDO:0010752;OMIM:314390	GenCC	G2P	Definitive	X-linked	MONDO:0010752	VACTERL association, X-linked, with or without hydrocephalus	OMIM:314390	VACTERL ASSOCIATION, X-LINKED, WITH OR WITHOUT HYDROCEPHALUS; VACTERLX	2023-05-24	G2P
disease_mismatch	VACTERLX_ZIC3	ZIC3	X-linked VACTERL syndrome	MONDO:0010752;OMIM:314390	GenCC	G2P	Definitive	X-linked	MONDO:0010607	heterotaxy, visceral, 1, X-linked	OMIM:306955	HETEROTAXY, VISCERAL, 1, X-LINKED; HTX1	2025-01-24	G2P
disease_mismatch	VACTERLX_ZIC3	ZIC3	X-linked VACTERL syndrome	MONDO:0010752;OMIM:314390	GenCC	PanelApp Australia	Strong	X-linked	MONDO:0010607	heterotaxy, visceral, 1, X-linked	MONDO:0010607	heterotaxy, visceral, 1, X-linked	2025-01-17	PanelApp
match	VACTERLX_ZIC3	ZIC3	X-linked VACTERL syndrome	MONDO:0010752;OMIM:314390	GenCC	PanelApp Australia	Strong	X-linked	MONDO:0010752	VACTERL association, X-linked, with or without hydrocephalus	OMIM:314390	VACTERL ASSOCIATION, X-LINKED, WITH OR WITHOUT HYDROCEPHALUS; VACTERLX	2025-01-17	PanelApp
disease_mismatch	VACTERLX_ZIC3	ZIC3	X-linked VACTERL syndrome	MONDO:0010752;OMIM:314390	GenCC	ClinGen	Definitive	X-linked	MONDO:1060197	congenital heart disease with heterotaxy syndrome	MONDO:1060197	congenital heart disease with heterotaxy syndrome	2025-10-07	ClinGen
disease_mismatch	XDP_TAF1	TAF1	X-linked dystonia-parkinsonism (XDP) a.k.a. Dystonia 3, torsion, X-linked (DYT3)	MONDO:0010747;OMIM:314250;Orphanet:53351	GenCC	Ambry Genetics	Strong	X-linked	MONDO:0010500	intellectual disability, X-linked, syndromic 33	OMIM:300966	INTELLECTUAL DEVELOPMENTAL DISORDER, X-LINKED, SYNDROMIC 33; MRXS33	2024-11-21	Ambry
match	XDP_TAF1	TAF1	X-linked dystonia-parkinsonism (XDP) a.k.a. Dystonia 3, torsion, X-linked (DYT3)	MONDO:0010747;OMIM:314250;Orphanet:53351	GenCC	Ambry Genetics	Strong	X-linked	MONDO:0010747	X-linked dystonia-parkinsonism	OMIM:314250	DYSTONIA 3, TORSION, X-LINKED; DYT3	2024-11-20	Ambry
match	XDP_TAF1	TAF1	X-linked dystonia-parkinsonism (XDP) a.k.a. Dystonia 3, torsion, X-linked (DYT3)	MONDO:0010747;OMIM:314250;Orphanet:53351	GenCC	Genomics England PanelApp	Moderate	X-linked	MONDO:0010747	X-linked dystonia-parkinsonism	OMIM:314250	DYSTONIA 3, TORSION, X-LINKED; DYT3	2021-01-28	PanelApp
disease_mismatch	XDP_TAF1	TAF1	X-linked dystonia-parkinsonism (XDP) a.k.a. Dystonia 3, torsion, X-linked (DYT3)	MONDO:0010747;OMIM:314250;Orphanet:53351	GenCC	Illumina	Definitive	X-linked	MONDO:0010500	intellectual disability, X-linked, syndromic 33	MONDO:0010500	intellectual disability, X-linked, syndromic 33	2022-02-01	Illumina
disease_mismatch	XDP_TAF1	TAF1	X-linked dystonia-parkinsonism (XDP) a.k.a. Dystonia 3, torsion, X-linked (DYT3)	MONDO:0010747;OMIM:314250;Orphanet:53351	GenCC	Labcorp Genetics (formerly Invitae)	Strong	X-linked	MONDO:0010500	intellectual disability, X-linked, syndromic 33	OMIM:300966	INTELLECTUAL DEVELOPMENTAL DISORDER, X-LINKED, SYNDROMIC 33; MRXS33	2021-04-16	Labcorp
match	XDP_TAF1	TAF1	X-linked dystonia-parkinsonism (XDP) a.k.a. Dystonia 3, torsion, X-linked (DYT3)	MONDO:0010747;OMIM:314250;Orphanet:53351	GenCC	Labcorp Genetics (formerly Invitae)	Limited	Unknown	MONDO:0010747	X-linked dystonia-parkinsonism	OMIM:314250	DYSTONIA 3, TORSION, X-LINKED; DYT3	2021-04-16	Labcorp
match	XDP_TAF1	TAF1	X-linked dystonia-parkinsonism (XDP) a.k.a. Dystonia 3, torsion, X-linked (DYT3)	MONDO:0010747;OMIM:314250;Orphanet:53351	GenCC	Orphanet	Supportive	X-linked	MONDO:0010747	X-linked dystonia-parkinsonism	Orphanet:53351	X-linked dystonia-parkinsonism	2021-09-14	Orphanet
disease_mismatch	XDP_TAF1	TAF1	X-linked dystonia-parkinsonism (XDP) a.k.a. Dystonia 3, torsion, X-linked (DYT3)	MONDO:0010747;OMIM:314250;Orphanet:53351	GenCC	Orphanet	Supportive	X-linked	MONDO:0018823	X-linked intellectual disability-global development delay-facial dysmorphism-sacral caudal remnant syndrome	Orphanet:480907	X-linked intellectual disability-global development delay-facial dysmorphism-sacral caudal remnant syndrome	2021-09-14	Orphanet
match	XDP_TAF1	TAF1	X-linked dystonia-parkinsonism (XDP) a.k.a. Dystonia 3, torsion, X-linked (DYT3)	MONDO:0010747;OMIM:314250;Orphanet:53351	GenCC	PanelApp Australia	Strong	X-linked	MONDO:0010747	X-linked dystonia-parkinsonism	OMIM:314250	DYSTONIA 3, TORSION, X-LINKED; DYT3	2025-01-17	PanelApp
disease_mismatch	XDP_TAF1	TAF1	X-linked dystonia-parkinsonism (XDP) a.k.a. Dystonia 3, torsion, X-linked (DYT3)	MONDO:0010747;OMIM:314250;Orphanet:53351	GenCC	PanelApp Australia	Strong	X-linked	MONDO:0010500	intellectual disability, X-linked, syndromic 33	OMIM:300966	INTELLECTUAL DEVELOPMENTAL DISORDER, X-LINKED, SYNDROMIC 33; MRXS33	2025-01-17	PanelApp
disease_mismatch	XDP_TAF1	TAF1	X-linked dystonia-parkinsonism (XDP) a.k.a. Dystonia 3, torsion, X-linked (DYT3)	MONDO:0010747;OMIM:314250;Orphanet:53351	GenCC	G2P	Definitive	X-linked	MONDO:0010500	intellectual disability, X-linked, syndromic 33	OMIM:300966	INTELLECTUAL DEVELOPMENTAL DISORDER, X-LINKED, SYNDROMIC 33; MRXS33	2016-01-03	G2P
match	XLID_SOX3	SOX3	X-linked intellectual developmental disorder with isolated growth hormone deficiency; X-linked panhypopituitarism (PHPX)	MONDO:0010252;MONDO:0800474;OMIM:300123;OMIM:312000;Orphanet:67045	GenCC	Ambry Genetics	Limited	X-linked	MONDO:0010712	panhypopituitarism, X-linked	OMIM:312000	PANHYPOPITUITARISM, X-LINKED; PHPX	2020-01-09	Ambry
match	XLID_SOX3	SOX3	X-linked intellectual developmental disorder with isolated growth hormone deficiency; X-linked panhypopituitarism (PHPX)	MONDO:0010252;MONDO:0800474;OMIM:300123;OMIM:312000;Orphanet:67045	GenCC	Ambry Genetics	Limited	X-linked	MONDO:0010252	intellectual disability, X-linked, with panhypopituitarism	OMIM:300123	INTELLECTUAL DEVELOPMENTAL DISORDER, X-LINKED, WITH PANHYPOPITUITARISM	2020-01-09	Ambry
disease_mismatch	XLID_SOX3	SOX3	X-linked intellectual developmental disorder with isolated growth hormone deficiency; X-linked panhypopituitarism (PHPX)	MONDO:0010252;MONDO:0800474;OMIM:300123;OMIM:312000;Orphanet:67045	GenCC	Ambry Genetics	Limited	X-linked	MONDO:0010712	panhypopituitarism, X-linked	MONDO:0010712	panhypopituitarism, X-linked	2025-06-10	Ambry
disease_mismatch	XLID_SOX3	SOX3	X-linked intellectual developmental disorder with isolated growth hormone deficiency; X-linked panhypopituitarism (PHPX)	MONDO:0010252;MONDO:0800474;OMIM:300123;OMIM:312000;Orphanet:67045	GenCC	Ambry Genetics	Limited	X-linked	MONDO:0016281	46,XX ovotesticular disorder of sex development	MONDO:0016281	46,XX ovotesticular disorder of sex development	2025-06-10	Ambry
match	XLID_SOX3	SOX3	X-linked intellectual developmental disorder with isolated growth hormone deficiency; X-linked panhypopituitarism (PHPX)	MONDO:0010252;MONDO:0800474;OMIM:300123;OMIM:312000;Orphanet:67045	GenCC	ClinGen	Moderate	X-linked	MONDO:0800474	SOX3-related X-linked pituitary hormone deficiency with or without intellectual developmental disorder	MONDO:0800474	SOX3-related X-linked pituitary hormone deficiency with or without intellectual developmental disorder	2026-06-15	ClinGen
match	XLID_SOX3	SOX3	X-linked intellectual developmental disorder with isolated growth hormone deficiency; X-linked panhypopituitarism (PHPX)	MONDO:0010252;MONDO:0800474;OMIM:300123;OMIM:312000;Orphanet:67045	GenCC	Labcorp Genetics (formerly Invitae)	Strong	X-linked	MONDO:0010712	panhypopituitarism, X-linked	OMIM:312000	PANHYPOPITUITARISM, X-LINKED; PHPX	2021-04-16	Labcorp
disease_mismatch	XLID_SOX3	SOX3	X-linked intellectual developmental disorder with isolated growth hormone deficiency; X-linked panhypopituitarism (PHPX)	MONDO:0010252;MONDO:0800474;OMIM:300123;OMIM:312000;Orphanet:67045	GenCC	Orphanet	Supportive	Autosomal dominant	MONDO:0008428	septooptic dysplasia	Orphanet:3157	Septo-optic dysplasia spectrum	2021-09-14	Orphanet
disease_mismatch	XLID_SOX3	SOX3	X-linked intellectual developmental disorder with isolated growth hormone deficiency; X-linked panhypopituitarism (PHPX)	MONDO:0010252;MONDO:0800474;OMIM:300123;OMIM:312000;Orphanet:67045	GenCC	Orphanet	Supportive	Autosomal dominant	MONDO:0010766	46,XX sex reversal 1	Orphanet:393	46,XX testicular difference of sex development	2021-09-14	Orphanet
match	XLID_SOX3	SOX3	X-linked intellectual developmental disorder with isolated growth hormone deficiency; X-linked panhypopituitarism (PHPX)	MONDO:0010252;MONDO:0800474;OMIM:300123;OMIM:312000;Orphanet:67045	GenCC	Orphanet	Supportive	X-linked	MONDO:0019032	X-linked intellectual disability with isolated growth hormone deficiency	Orphanet:67045	X-linked intellectual disability with isolated growth hormone deficiency	2021-09-14	Orphanet
disease_mismatch	XLID_SOX3	SOX3	X-linked intellectual developmental disorder with isolated growth hormone deficiency; X-linked panhypopituitarism (PHPX)	MONDO:0010252;MONDO:0800474;OMIM:300123;OMIM:312000;Orphanet:67045	GenCC	Orphanet	Supportive	X-linked	MONDO:0010614	X-linked congenital generalized hypertrichosis	Orphanet:79495	X-linked congenital generalized hypertrichosis	2021-09-14	Orphanet
disease_mismatch	XLID_SOX3	SOX3	X-linked intellectual developmental disorder with isolated growth hormone deficiency; X-linked panhypopituitarism (PHPX)	MONDO:0010252;MONDO:0800474;OMIM:300123;OMIM:312000;Orphanet:67045	GenCC	Orphanet	Supportive	Autosomal recessive	MONDO:0019591	panhypopituitarism	Orphanet:90695	Non-acquired panhypopituitarism	2021-09-14	Orphanet
match	XLID_SOX3	SOX3	X-linked intellectual developmental disorder with isolated growth hormone deficiency; X-linked panhypopituitarism (PHPX)	MONDO:0010252;MONDO:0800474;OMIM:300123;OMIM:312000;Orphanet:67045	GenCC	PanelApp Australia	Limited	X-linked	MONDO:0010712	panhypopituitarism, X-linked	OMIM:312000	PANHYPOPITUITARISM, X-LINKED; PHPX	2025-01-17	PanelApp
disease_mismatch	XLID_SOX3	SOX3	X-linked intellectual developmental disorder with isolated growth hormone deficiency; X-linked panhypopituitarism (PHPX)	MONDO:0010252;MONDO:0800474;OMIM:300123;OMIM:312000;Orphanet:67045	GenCC	G2P	Definitive	X-linked	MONDO:0010442	46,XX sex reversal 3	OMIM:300833	46,XX SEX REVERSAL 3; SRXX3	2015-07-22	G2P
match	XLID_SOX3	SOX3	X-linked intellectual developmental disorder with isolated growth hormone deficiency; X-linked panhypopituitarism (PHPX)	MONDO:0010252;MONDO:0800474;OMIM:300123;OMIM:312000;Orphanet:67045	GenCC	G2P	Definitive	X-linked	MONDO:0010252	intellectual disability, X-linked, with panhypopituitarism	OMIM:300123	INTELLECTUAL DEVELOPMENTAL DISORDER, X-LINKED, WITH PANHYPOPITUITARISM	2015-07-22	G2P
